"","gene","general_celltype","logFC","padj"
"1","Alcam","Alveolar_bipotent_progenitor",0.980646958063412,1.09215197044614e-95
"2","Anxa2","Alveolar_bipotent_progenitor",0.98622974345508,2.05499833789954e-96
"3","App","Alveolar_bipotent_progenitor",0.820181269070506,1.95892928897057e-40
"4","Ccnd1","Alveolar_bipotent_progenitor",0.694396057288496,1.46222190178075e-67
"5","Cd63","Alveolar_bipotent_progenitor",1.32822319308782,1.8697885826224e-199
"6","Cd74","Alveolar_bipotent_progenitor",4.17696638246043,0
"7","Cd9","Alveolar_bipotent_progenitor",0.692098483673346,5.59898451004803e-32
"8","Cdh1","Alveolar_bipotent_progenitor",0.883195504449874,4.20069602268942e-107
"9","Chil1","Alveolar_bipotent_progenitor",0.867792378475344,9.87319343293927e-57
"10","Clu","Alveolar_bipotent_progenitor",1.23893945904135,0
"11","Ctnnb1","Alveolar_bipotent_progenitor",0.804975542937322,9.79478797797257e-42
"12","Cystm1","Alveolar_bipotent_progenitor",0.838321006895706,1.60050885294174e-89
"13","Etv5","Alveolar_bipotent_progenitor",1.05023875467767,2.49204926732714e-108
"14","Ezr","Alveolar_bipotent_progenitor",0.883625976921398,6.70501085587546e-84
"15","Gpx1","Alveolar_bipotent_progenitor",0.78875258044744,1.56571906090696e-42
"16","H2-Aa","Alveolar_bipotent_progenitor",0.770656467216969,9.74093356937104e-96
"17","H2-Ab1","Alveolar_bipotent_progenitor",1.1867032801605,5.36092232262909e-116
"18","H2-Eb1","Alveolar_bipotent_progenitor",0.855968950378093,2.92798723467215e-75
"19","H2-K1","Alveolar_bipotent_progenitor",1.07552608842976,8.84039868061363e-67
"20","Icam1","Alveolar_bipotent_progenitor",1.16044685845915,6.30863323909154e-88
"21","Krt18","Alveolar_bipotent_progenitor",1.03057760291673,1.01775388419815e-124
"22","Krt8","Alveolar_bipotent_progenitor",1.87821476820402,0
"23","Lamp3","Alveolar_bipotent_progenitor",1.50862697626766,5.25666730891376e-237
"24","Ldha","Alveolar_bipotent_progenitor",0.708885848175981,2.06755472243433e-37
"25","Ppia","Alveolar_bipotent_progenitor",1.07007253100264,3.70359616993977e-54
"26","Rgcc","Alveolar_bipotent_progenitor",0.695913757895839,2.21459399271789e-47
"27","S100a6","Alveolar_bipotent_progenitor",1.42061636521667,1.40337925326303e-125
"28","Tpm1","Alveolar_bipotent_progenitor",2.21338924637383,0
"29","Tpt1","Alveolar_bipotent_progenitor",1.0573340806677,8.45471840362207e-56
"30","Uba52","Alveolar_bipotent_progenitor",0.751020984817811,3.06891417693204e-29
"31","Anxa1","Alveolar_macrophage",1.21558083156535,0
"32","Anxa2","Alveolar_macrophage",1.16658994871305,0
"33","Axl","Alveolar_macrophage",1.68814075937912,0
"34","B2m","Alveolar_macrophage",1.3376428636232,0
"35","Cd164","Alveolar_macrophage",1.47154785590371,0
"36","Cd44","Alveolar_macrophage",1.83439379243423,0
"37","Cd53","Alveolar_macrophage",1.11038925611555,0
"38","Cd68","Alveolar_macrophage",1.78109561912349,0
"39","Cd9","Alveolar_macrophage",2.36966872502385,0
"40","Clec7a","Alveolar_macrophage",1.15735086444647,0
"41","Cotl1","Alveolar_macrophage",2.28675974277347,0
"42","Crip1","Alveolar_macrophage",1.47828998657265,0
"43","Csf2ra","Alveolar_macrophage",1.73971894283383,0
"44","Csf2rb","Alveolar_macrophage",1.28521391535809,0
"45","Ctsd","Alveolar_macrophage",4.6060052884911,0
"46","Eif5a","Alveolar_macrophage",1.16401475634098,0
"47","Fcer1g","Alveolar_macrophage",1.57731883645672,0
"48","Gpx1","Alveolar_macrophage",1.5740643027636,0
"49","Il18","Alveolar_macrophage",1.26536311397978,0
"50","Itgax","Alveolar_macrophage",1.4060415424246,0
"51","Itgb2","Alveolar_macrophage",1.74700503572862,0
"52","Lgals3","Alveolar_macrophage",2.22963261540579,0
"53","Mrc1","Alveolar_macrophage",2.29140085781972,0
"54","Pfn1","Alveolar_macrophage",1.52274474494482,0
"55","Pld3","Alveolar_macrophage",1.57650465751006,0
"56","Psap","Alveolar_macrophage",3.29390822116054,0
"57","Ptprc","Alveolar_macrophage",1.21555509468801,0
"58","Spp1","Alveolar_macrophage",1.43153021384964,0
"59","Tyrobp","Alveolar_macrophage",2.67612474069361,0
"60","Vim","Alveolar_macrophage",2.16720689226549,0
"61","Alcam","AT1_cell",1.29839701184465,0
"62","Anxa1","AT1_cell",1.10650633170239,0
"63","Anxa2","AT1_cell",0.940756134425838,0
"64","Anxa4","AT1_cell",0.88122672459473,0
"65","App","AT1_cell",1.05427999028833,0
"66","Calm2","AT1_cell",0.620214276126031,0
"67","Cd81","AT1_cell",0.725224200514517,0
"68","Cd9","AT1_cell",0.86374152346045,0
"69","Cdh1","AT1_cell",0.716376903467117,0
"70","Col4a1","AT1_cell",1.24389719147427,0
"71","Col4a2","AT1_cell",1.10541387444508,0
"72","Cryab","AT1_cell",1.61464053044996,0
"73","Cystm1","AT1_cell",1.23249366069741,0
"74","Gadd45b","AT1_cell",0.782360526522665,0
"75","Icam1","AT1_cell",2.35670779344778,0
"76","Ier3","AT1_cell",1.23815689626873,0
"77","Igfbp7","AT1_cell",1.66310168221876,0
"78","Il18r1","AT1_cell",1.29799690808266,0
"79","Itga3","AT1_cell",0.616333059111523,0
"80","Krt19","AT1_cell",1.1926076429841,0
"81","Krt7","AT1_cell",1.72505595482768,0
"82","Krt8","AT1_cell",0.919092831682087,0
"83","Myl12a","AT1_cell",1.29086722621425,0
"84","Pdgfa","AT1_cell",1.08616534373869,0
"85","Rgcc","AT1_cell",1.66288677167611,0
"86","S100a6","AT1_cell",2.12328004195519,0
"87","Sod1","AT1_cell",1.09245983309811,0
"88","Spock2","AT1_cell",2.50357731816502,0
"89","Tpm1","AT1_cell",1.11653190844868,0
"90","Vegfa","AT1_cell",3.14458685837467,0
"91","Adgrg1","AT2_cell",0.727409181717148,0
"92","Alcam","AT2_cell",1.15359179709068,0
"93","Anxa4","AT2_cell",0.745429782065351,0
"94","App","AT2_cell",0.896526822615984,0
"95","Cd36","AT2_cell",0.943627569302288,0
"96","Cd63","AT2_cell",0.840504691001883,0
"97","Cd74","AT2_cell",3.07967662842711,0
"98","Cdh1","AT2_cell",0.722450138507297,0
"99","Chil1","AT2_cell",3.6156573301221,0
"100","Ctnnb1","AT2_cell",1.41756970909349,0
"101","Etv5","AT2_cell",2.08938439290212,0
"102","Fabp5","AT2_cell",1.07567947142519,0
"103","Fasn","AT2_cell",1.34488688160731,0
"104","Fgfr2","AT2_cell",1.66178171337875,0
"105","Gas6","AT2_cell",1.06455861411698,0
"106","Gpx1","AT2_cell",0.783605964346815,0
"107","H2-Aa","AT2_cell",0.736484032496973,0
"108","H2-Ab1","AT2_cell",0.941185997047226,0
"109","Lamp3","AT2_cell",3.07462917979582,0
"110","Lcn2","AT2_cell",2.07934468693953,0
"111","Ldha","AT2_cell",0.799576186326958,0
"112","Ldlr","AT2_cell",0.754257498226603,0
"113","Muc1","AT2_cell",0.771611499146938,0
"114","Ppia","AT2_cell",1.02059918976297,0
"115","Rgcc","AT2_cell",0.886195487474588,0
"116","Sdc1","AT2_cell",0.851760303623905,0
"117","Sod1","AT2_cell",0.69372918101872,0
"118","Tpm1","AT2_cell",1.36351574304027,0
"119","Tpt1","AT2_cell",1.19904221744755,0
"120","Uba52","AT2_cell",0.841560282179149,0
"121","B2m","Dendritic_cell",1.17470372128018,0
"122","Ccl5","Dendritic_cell",0.587299468200718,0
"123","Cd52","Dendritic_cell",0.785293819707126,0
"124","Cd74","Dendritic_cell",3.48197417682529,0
"125","Ciita","Dendritic_cell",0.525988334741602,0
"126","Cotl1","Dendritic_cell",0.89818456027603,0
"127","Crip1","Dendritic_cell",1.03545657985059,0
"128","Fau","Dendritic_cell",0.709224681323594,0
"129","Fcer1g","Dendritic_cell",0.437495763296716,0
"130","Gpx1","Dendritic_cell",0.95571997313788,0
"131","H2-Aa","Dendritic_cell",1.39750382402375,0
"132","H2-Ab1","Dendritic_cell",2.21031118856904,0
"133","H2-D1","Dendritic_cell",0.799550791724629,0
"134","H2-DMa","Dendritic_cell",0.570021956248943,0
"135","H2-DMb1","Dendritic_cell",0.591268283239238,0
"136","H2-Eb1","Dendritic_cell",2.22301109507438,0
"137","H2-K1","Dendritic_cell",0.799764744546702,0
"138","H2-T23","Dendritic_cell",0.493864610302597,0
"139","Itgb2","Dendritic_cell",0.418662289208477,0
"140","Pfn1","Dendritic_cell",0.85611592269408,0
"141","Ppia","Dendritic_cell",0.621996702288925,0
"142","Psap","Dendritic_cell",1.39461659836992,0
"143","Ptprc","Dendritic_cell",0.597163085449234,0
"144","Rack1","Dendritic_cell",0.579377751761159,0
"145","Selplg","Dendritic_cell",0.534086978781977,0
"146","Sh3bgrl3","Dendritic_cell",0.502084837541475,0
"147","Tpt1","Dendritic_cell",0.710630234792191,0
"148","Tyrobp","Dendritic_cell",0.91579421936054,0
"149","Uba52","Dendritic_cell",0.856975251033288,0
"150","Vim","Dendritic_cell",0.551320756521452,0
"151","Ace","Endothelial_cell",1.4621836439227,0
"152","Acvrl1","Endothelial_cell",1.26724392206457,0
"153","Adgre5","Endothelial_cell",0.935302347485194,0
"154","Adgrf5","Endothelial_cell",1.18271021692948,0
"155","B2m","Endothelial_cell",0.532671865644673,0
"156","Bmpr2","Endothelial_cell",1.09162448241689,0
"157","Cd36","Endothelial_cell",1.13406942811173,0
"158","Cd93","Endothelial_cell",1.15501410053132,0
"159","Cdh5","Endothelial_cell",2.40040730560097,0
"160","Clec14a","Endothelial_cell",0.967412563745807,0
"161","Clec1a","Endothelial_cell",0.905384242306152,0
"162","Clec2d","Endothelial_cell",1.02069033649861,0
"163","Col4a1","Endothelial_cell",1.1997117292564,0
"164","Col4a2","Endothelial_cell",0.680933456996119,0
"165","Efnb2","Endothelial_cell",0.555951332736363,0
"166","Eng","Endothelial_cell",1.78275691628282,0
"167","Esam","Endothelial_cell",1.2226418091557,0
"168","Foxf1","Endothelial_cell",0.763115805048674,0
"169","Icam2","Endothelial_cell",1.15102157641115,0
"170","Igfbp7","Endothelial_cell",0.839834665174509,0
"171","Itm2b","Endothelial_cell",1.00701062612662,0
"172","Kdr","Endothelial_cell",1.05069322328442,0
"173","Klf2","Endothelial_cell",1.05638692748147,0
"174","Ldb2","Endothelial_cell",0.572935851180666,0
"175","Pecam1","Endothelial_cell",1.20369563956591,0
"176","Plcg1","Endothelial_cell",0.553746642503183,0
"177","Ramp2","Endothelial_cell",2.09970118781694,0
"178","Tek","Endothelial_cell",0.907338740804975,0
"179","Tie1","Endothelial_cell",1.28214499434599,0
"180","Vim","Endothelial_cell",0.594811412854173,0
"181","Alcam","Epithelial_cell",1.56695114624973,0
"182","Anxa1","Epithelial_cell",1.00523396870252,0
"183","Anxa2","Epithelial_cell",1.16772656801649,0
"184","Atp5b","Epithelial_cell",1.11031939283172,0
"185","Atp5e","Epithelial_cell",1.54363025691945,0
"186","Cd24a","Epithelial_cell",2.31197421678226,0
"187","Cd55","Epithelial_cell",1.53939445689055,0
"188","Cd9","Epithelial_cell",1.10238381354011,0
"189","Cdh1","Epithelial_cell",1.68430731033348,0
"190","Crip1","Epithelial_cell",1.23912727800743,0
"191","Ctnnb1","Epithelial_cell",1.34754121703439,0
"192","Ezr","Epithelial_cell",1.45711399796652,0
"193","Glul","Epithelial_cell",1.71046006641968,0
"194","Gstp1/2","Epithelial_cell",1.15760437310611,0
"195","Hsp90aa1","Epithelial_cell",2.1017110722899,0
"196","Hsp90ab1","Epithelial_cell",1.94160024154925,0
"197","Il18r1","Epithelial_cell",1.21702634626171,0
"198","Krt18","Epithelial_cell",1.13507570977521,0
"199","Krt19","Epithelial_cell",1.41029856791366,0
"200","Krt8","Epithelial_cell",2.07227109622178,0
"201","Ldha","Epithelial_cell",1.40166091875612,0
"202","Mt1","Epithelial_cell",2.01684906314869,0
"203","Naca","Epithelial_cell",1.33729276866204,0
"204","Ppia","Epithelial_cell",2.01041365420743,0
"205","Rack1","Epithelial_cell",1.27430649435097,0
"206","Scgb3a1","Epithelial_cell",1.01322947955246,0
"207","Sod1","Epithelial_cell",2.61717782087203,0
"208","Tpt1","Epithelial_cell",1.95321694075696,0
"209","Tubb4b","Epithelial_cell",2.73100721692296,0
"210","Uba52","Epithelial_cell",1.60584125420366,0
"211","Adm2","Granulocyte",0.663837244033733,0
"212","Areg","Granulocyte",0.627624322973622,0
"213","Cd14","Granulocyte",0.738666251845342,0
"214","Cd274","Granulocyte",0.654356844117163,0
"215","Cd4","Granulocyte",0.627392903128394,0
"216","Cd68","Granulocyte",0.511500008843973,0
"217","Clec4d","Granulocyte",0.633200440220781,0
"218","Csf2ra","Granulocyte",0.601569588175551,0
"219","Cxcl2","Granulocyte",0.574924786463464,0
"220","Fzd8","Granulocyte",0.578606345363964,0
"221","Gata3","Granulocyte",0.612888673409821,0
"222","H2-Ob","Granulocyte",0.509686018142264,0
"223","Hdac11","Granulocyte",0.611552905241312,0
"224","Ighd","Granulocyte",0.568565229463244,0
"225","Il1b","Granulocyte",0.721984378649313,0
"226","Il20","Granulocyte",0.625143782973844,0
"227","Inhbb","Granulocyte",0.504415528659824,0
"228","Itgam","Granulocyte",0.552629967754368,0
"229","Lcn2","Granulocyte",0.573358088247938,0
"230","Lefty1","Granulocyte",0.616498053249737,0
"231","Mmp9","Granulocyte",0.718507177335674,0
"232","Myc","Granulocyte",0.612460489985768,0
"233","Ncr1","Granulocyte",0.633431443072732,0
"234","Parp1","Granulocyte",0.628137089774262,0
"235","Ror1","Granulocyte",0.626972563141554,0
"236","S100a8","Granulocyte",3.11210631075434,0
"237","S100a9","Granulocyte",1.20202453672326,0
"238","Tlr2","Granulocyte",0.513402417851987,0
"239","Tnfrsf1b","Granulocyte",0.527623015734759,0
"240","Tnfrsf9","Granulocyte",0.605685293032575,0
"241","Aif1","Interstitial_macrophage",0.591223014546576,0
"242","Apoe","Interstitial_macrophage",4.21694991636721,0
"243","B2m","Interstitial_macrophage",1.28005724329104,0
"244","C1qa","Interstitial_macrophage",3.24647257851077,0
"245","C1qb","Interstitial_macrophage",3.44347408929128,0
"246","C1qc","Interstitial_macrophage",2.15530703929378,0
"247","Ccl8","Interstitial_macrophage",0.931230895832181,0
"248","Cd63","Interstitial_macrophage",0.563984268567623,0
"249","Cd74","Interstitial_macrophage",3.32721691862103,0
"250","Cotl1","Interstitial_macrophage",1.11638229339416,0
"251","Csf1r","Interstitial_macrophage",0.74141894452206,0
"252","Ctsd","Interstitial_macrophage",1.50147054585303,0
"253","Cxcl16","Interstitial_macrophage",0.811904386908402,0
"254","Fcer1g","Interstitial_macrophage",0.8432470540756,0
"255","Fyb","Interstitial_macrophage",0.514636531913754,0
"256","Gpx1","Interstitial_macrophage",0.71025672593655,0
"257","H2-Aa","Interstitial_macrophage",1.33943821675659,0
"258","H2-Ab1","Interstitial_macrophage",1.95912660530257,0
"259","H2-D1","Interstitial_macrophage",0.915582841229524,0
"260","H2-Eb1","Interstitial_macrophage",2.1593963516996,0
"261","H2-K1","Interstitial_macrophage",0.834892342656541,0
"262","Itm2b","Interstitial_macrophage",0.884308347362697,0
"263","Lgals1","Interstitial_macrophage",0.657975575814781,0
"264","Mrc1","Interstitial_macrophage",0.797445699586222,0
"265","Ms4a6b","Interstitial_macrophage",0.678951550758839,0
"266","Pfn1","Interstitial_macrophage",0.649902595050781,4.78702932029116e-209
"267","Psap","Interstitial_macrophage",2.02975842690798,0
"268","Selenop","Interstitial_macrophage",0.829909141582701,0
"269","Tyrobp","Interstitial_macrophage",1.51214420144116,0
"270","Uba52","Interstitial_macrophage",0.661676826142712,1.01461201597644e-181
"271","Adm2","Lymphocyte",0.480806883380509,0
"272","Areg","Lymphocyte",0.401825233807516,0
"273","Blk","Lymphocyte",0.389449592165532,0
"274","Ccl5","Lymphocyte",0.371940932949898,0
"275","Cd274","Lymphocyte",0.469900602204282,0
"276","Cd37","Lymphocyte",0.39614087863429,0
"277","Cd4","Lymphocyte",0.446954457228936,0
"278","Cd59a","Lymphocyte",0.383807314840564,0
"279","Cenpf","Lymphocyte",0.394832646829091,0
"280","Ddit3","Lymphocyte",0.373511636970066,0
"281","Gata3","Lymphocyte",0.408491695436221,0
"282","H2-Ob","Lymphocyte",0.452969182102301,0
"283","H2-Q10","Lymphocyte",0.410400281036735,0
"284","Hdac11","Lymphocyte",0.438851182679504,0
"285","Igha","Lymphocyte",0.49208266822221,0
"286","Ighd","Lymphocyte",0.595823725722312,0
"287","Ighm","Lymphocyte",0.651928607600333,0
"288","Igkc","Lymphocyte",0.958200103487425,0
"289","Il20","Lymphocyte",0.39996735691289,0
"290","Jchain","Lymphocyte",1.02042449663582,0
"291","Lefty1","Lymphocyte",0.391356580520358,0
"292","Ly6d","Lymphocyte",0.474977426082949,0
"293","Ly75","Lymphocyte",0.390506011274898,0
"294","Mmp9","Lymphocyte",0.37370315923087,0
"295","Myc","Lymphocyte",0.448059643289495,0
"296","Ncr1","Lymphocyte",0.477313631810867,0
"297","Parp1","Lymphocyte",0.476168163960522,0
"298","Ror1","Lymphocyte",0.42697671905598,0
"299","Sell","Lymphocyte",0.389948979723545,0
"300","Tnfrsf9","Lymphocyte",0.404017360024592,0
"301","Ccl9","Monocyte_progenitor",0.266834876176657,0.00672378794217938
"302","Cd1d1","Monocyte_progenitor",0.33566965611288,0.0432828357633589
"303","Cd48","Monocyte_progenitor",0.221390462208118,0.0316232022277466
"304","Clec10a","Monocyte_progenitor",0.217939183543908,0.00351632503933545
"305","Ctsg","Monocyte_progenitor",1.02786143570836,1.08009640626204e-66
"306","Dusp2","Monocyte_progenitor",0.242491950054493,0.0236473517466699
"307","Efna4","Monocyte_progenitor",0.281878450884812,0.0139874851675553
"308","Eif5a","Monocyte_progenitor",0.479905617914997,0.0131265086547186
"309","Elane","Monocyte_progenitor",2.28885185486345,4.16619855337222e-115
"310","Gpx1","Monocyte_progenitor",0.897200296689831,1.10400650092153e-06
"311","H2az1","Monocyte_progenitor",0.327081501219236,0.0498201905679176
"312","Hmgb2","Monocyte_progenitor",0.420011583068125,0.0165361708032942
"313","Lgals1","Monocyte_progenitor",0.563516627920663,0.000104790750694464
"314","Mpo","Monocyte_progenitor",1.75887814989256,1.71642790380628e-184
"315","Nkg7","Monocyte_progenitor",0.241972385793481,0.0201140580241214
"316","Osm","Monocyte_progenitor",0.357420634622339,0.0186155522582371
"317","Pcna","Monocyte_progenitor",0.458696675296836,0.00511625580888245
"318","Plac8","Monocyte_progenitor",1.20822204563589,3.1367086730631e-41
"319","Prtn3","Monocyte_progenitor",0.880718231896745,1.45757191966859e-36
"320","Rac2","Monocyte_progenitor",0.374641132340138,0.00146782229850104
"321","Ramp1","Monocyte_progenitor",0.360105813185515,0.00102011795336798
"322","Spn","Monocyte_progenitor",0.350350352511502,0.000451862394549209
"323","Srgn","Monocyte_progenitor",0.681029810856953,0.000398706461161344
"324","Stmn1","Monocyte_progenitor",0.624090301863077,0.00216974734606105
"325","Tert","Monocyte_progenitor",0.225919957322377,0.00314266030358545
"326","Tpi1","Monocyte_progenitor",0.717248155870815,0.0006558701036909
"327","Tubb5","Monocyte_progenitor",0.444412273564686,0.0214608387533778
"328","Tyrobp","Monocyte_progenitor",0.509961949280026,0.000437587207975657
"329","Uba52","Monocyte_progenitor",0.304690375405221,0.0498201905679176
"330","Ube2c","Monocyte_progenitor",0.369225643948878,0.000216342019806159
"331","B2m","Nuocyte",1.456635682724,2.40156992478867e-38
"332","Ccl5","Nuocyte",0.775174128702957,3.17811005044289e-29
"333","Cd3d","Nuocyte",0.796477750615448,4.44600925359582e-43
"334","Cd3e","Nuocyte",1.1089893160073,4.21343415645612e-112
"335","Cd3g","Nuocyte",1.609487733163,1.10953227660209e-182
"336","Cd52","Nuocyte",1.48826908612102,1.18662736684274e-129
"337","Cotl1","Nuocyte",1.48723150085481,3.75677424146223e-86
"338","Crip1","Nuocyte",1.11437068576844,1.54086723664531e-25
"339","Cxcr6","Nuocyte",1.99326431264831,0
"340","H2-D1","Nuocyte",0.928307598436704,5.15466892808776e-18
"341","H2-K1","Nuocyte",0.834953729019758,9.23078581408372e-14
"342","Hmgb2","Nuocyte",0.780420810458859,4.88772728143778e-22
"343","Icos","Nuocyte",0.810047252385346,5.27066872640193e-54
"344","Il2rb","Nuocyte",0.925975714825724,3.0467514240475e-63
"345","Lgals1","Nuocyte",2.26020078238693,1.92737092133295e-191
"346","Ltb","Nuocyte",1.06886697529184,3.59436251218738e-122
"347","Pfn1","Nuocyte",1.38826199077995,7.14178169176789e-42
"348","Ppia","Nuocyte",0.694347396634364,5.143444482356e-11
"349","Ptprc","Nuocyte",0.817735942093025,2.3357208724002e-29
"350","Ptprcap","Nuocyte",1.35008804713714,3.07289846154167e-113
"351","Rac2","Nuocyte",0.835224216500629,3.80593784595257e-51
"352","S100a10","Nuocyte",1.78853593872351,3.05374587817973e-78
"353","S100a4","Nuocyte",2.34735143386326,0
"354","S100a6","Nuocyte",1.70948509464336,3.04009860579222e-58
"355","Selplg","Nuocyte",1.34588466548891,2.27547239053761e-89
"356","Sh3bgrl3","Nuocyte",0.766717098182863,2.06673184343313e-22
"357","Srgn","Nuocyte",0.969542875853328,2.29119394343233e-22
"358","Tnfrsf18","Nuocyte",0.856848256910032,3.65928660936907e-46
"359","Tpt1","Nuocyte",0.901850242687122,1.5577422302951e-15
"360","Uba52","Nuocyte",1.1102373110829,1.39389382213523e-22
"361","Acta2","Stromal_cell",0.781287847438181,0
"362","Apoe","Stromal_cell",0.512558800166654,0
"363","Bgn","Stromal_cell",1.94209788774394,0
"364","Cd81","Stromal_cell",0.940957228621942,0
"365","Cdh11","Stromal_cell",0.518963170095243,0
"366","Col1a1","Stromal_cell",1.69750626627276,0
"367","Col1a2","Stromal_cell",2.11744990921157,0
"368","Col3a1","Stromal_cell",1.2044416193639,0
"369","Col6a1","Stromal_cell",0.64990843504029,0
"370","Col6a2","Stromal_cell",0.997488095353183,0
"371","Col6a3","Stromal_cell",0.737519287169303,0
"372","Dpt","Stromal_cell",0.674249625902413,0
"373","Dusp1","Stromal_cell",0.474008432841918,0
"374","Fn1","Stromal_cell",1.16324050789965,0
"375","Gpx3","Stromal_cell",1.08116152852182,0
"376","Gsn","Stromal_cell",2.93915310184642,0
"377","Igfbp7","Stromal_cell",0.915726506166951,0
"378","Itga8","Stromal_cell",1.65804460872002,0
"379","Mgp","Stromal_cell",2.13613927966941,0
"380","Mmp2","Stromal_cell",0.869236649936039,0
"381","Mrc2","Stromal_cell",0.678542026755199,0
"382","Mxra8","Stromal_cell",0.719537212999346,0
"383","Pdgfra","Stromal_cell",0.793698416428223,0
"384","Rarres2","Stromal_cell",0.894198141097061,0
"385","Serpinh1","Stromal_cell",0.671781791981554,0
"386","Sparcl1","Stromal_cell",0.635340462844993,0
"387","Tagln","Stromal_cell",0.687787268247964,0
"388","Tpm1","Stromal_cell",0.463901533873348,0
"389","Tpm2","Stromal_cell",0.503607021640095,0
"390","Vim","Stromal_cell",0.595637264820058,0
