"ID","Description","setSize","enrichmentScore","NES","pvalue","p.adjust","qvalue","rank","leading_edge","core_enrichment","comparison","database","direction"
"HALLMARK_MYC_TARGETS_V1","HALLMARK_MYC_TARGETS_V1",199,-0.6944045357601,-3.40553906276194,1.27708491770424e-43,6.38542458852121e-42,5.37719965349155e-43,3894,"tags=73%, list=20%, signal=60%","Snrpd2/Rnps1/Mcm7/Got2/Aimp2/Nop16/Ncbp2/Usp1/Ssbp1/Prdx3/Impdh2/Prps2/Mcm6/Rps2/Sf3a1/Kars/Ppm1g/Vdac1/Tra2b/Xpo1/Ap3s1/Exosc7/Pold2/Lsm2/Eif2s2/Cstf2/Clns1a/Rsl1d1/Mrpl9/Snrpa1/Uba2/Snrpb2/Iars/Prdx4/Nop56/Hspd1/Phb2/Srm/Nme1/Psmd1/Srsf3/Nolc1/Rrm1/U2af1/Ran/Hnrnpr/Sf3b3/Pgk1/Ilf2/Txnl4a/Ctps/Dut/Ndufab1/Glo1/Psmc4/Rad23b/Eif3d/Hdac2/Vbp1/Cyc1/Tufm/Cul1/C1qbp/Psmd3/Vdac3/Cct7/Rpl14/Ranbp1/Hspe1/Psmb2/Abce1/Snrpg/Eprs/Psma4/Ywhaq/Psma1/Psmd7/Eif2s1/Syncrip/Bub3/Mrpl23/Trim28/Ldha/Srsf7/Hnrnpa3/Kpnb1/Hnrnpc/Cops5/Cox5a/Hnrnpd/Psma2/Eif4g2/Cct4/Nap1l1/Psmd8/Cdk4/Psma7/Psmd14/Snrpd3/Pcna/Hprt/Rpl6/Tcp1/G3bp1/Tardbp/Cct3/Ssb/Srsf2/Rpl34/Eif4e/Hnrnpa1/Dhx15/Cct5/Erh/Psmc6/Eif3b/Dek/Ptges3/Npm1/Rps6/Pcbp1/Cct2/Fam120a/Slc25a3/Rpl22/Ppia/H2az1/Srsf1/Psma6/Rps10/Serbp1/Eef1b2/Rpl18/Rps5/Ywhae/Pabpc1/Eif4h/Cnbp/Eif4a1/Rplp0/Canx/Rps3/Hnrnpu/Rack1/Hnrnpa2b1/Hsp90ab1","NRR_vs_ARR = Neonate_Reinfected_NO_IFN - Adult_Reinfected","Hallmark","NRR_vs_ARR = Neonate_Reinfected_NO_IFN - Adult_Reinfected | Positive NES/logFC = higher in Neonate_Reinfected_NO_IFN ; Negative NES/logFC = higher in Adult_Reinfected"
"HALLMARK_OXIDATIVE_PHOSPHORYLATION","HALLMARK_OXIDATIVE_PHOSPHORYLATION",199,-0.683218057905189,-3.35067768823488,2.54591337665251e-41,6.36478344163127e-40,5.35981763505791e-41,3838,"tags=67%, list=19%, signal=55%","Cox17/Cox7a2l/Cox7b/Vdac1/Cycs/Uqcrq/Atp5l/Nnt/Casp7/Idh3a/Atp6v1h/Aifm1/Timm17a/Atp6v1f/Ndufb6/Ndufc2/Suclg1/Eci1/Maob/Sucla2/Mgst3/Ndufb2/Dlat/Dld/Phb2/Afg3l2/Ndufs7/Hspa9/Atp5o/Slc25a4/Uqcrc2/Ndufs3/Tcirg1/Sdhc/Aco2/Ndufs1/Ndufa8/Cpt1a/Atp5c1/Ndufb4/Uqcrc1/Acaa2/Ndufab1/Vdac2/Acadvl/Acadsb/Sdhb/Timm8b/Atp6v1g1/Cyc1/Htra2/Cox6a1/Ndufb3/Mdh1/Grpel1/Ndufa5/Ndufs4/Oat/Ndufv2/Uqcrb/Hsd17b10/Vdac3/Dlst/Ndufa3/Immt/Ndufb5/Timm13/Atp5g2/Ndufa9/Ndufa2/Echs1/Fdx1/Idh3b/Atp6v0e/Bax/Cox7a2/Ndufc1/Ndufb1/Cox5b/Ldha/Ndufb8/Gpi1/Sdha/Cs/Atp6v0c/Uqcr11/Idh1/Acat1/Phyh/Polr2f/Atp6v1e1/Cox5a/Slc25a5/Idh2/Iscu/Ech1/Atp5j/Hadha/Atp5k/Atp5h/Etfa/Uqcrfs1/Atp6v0b/Cox8a/Ndufa7/Cox6c/Ndufa6/Cyb5a/Alas1/Ndufs6/Ogdh/Atp6ap1/Atp5pb/Atp5d/Uqcrh/Etfb/Ndufs2/Por/Glud1/Ndufa4/Atp1b1/Slc25a3/Atp5e/Ndufa1/Ldhb/Mdh2/Gpx4/Atp5j2/Cyb5r3/Cox4i1/Atp5g3/Atp5a1/Atp5b","NRR_vs_ARR = Neonate_Reinfected_NO_IFN - Adult_Reinfected","Hallmark","NRR_vs_ARR = Neonate_Reinfected_NO_IFN - Adult_Reinfected | Positive NES/logFC = higher in Neonate_Reinfected_NO_IFN ; Negative NES/logFC = higher in Adult_Reinfected"
"HALLMARK_ADIPOGENESIS","HALLMARK_ADIPOGENESIS",200,-0.613235243409718,-3.00691420220564,1.22311192373463e-28,2.03851987289106e-27,1.71664831401352e-28,3717,"tags=52%, list=19%, signal=43%","Tank/Uqcrq/Itsn1/Idh3a/Adcy6/Hspb8/Aifm1/Suclg1/Baz2a/Mgst3/Dlat/Dhrs7/Ppp1r15b/Dld/Chuk/Map4k3/Gpam/Atp5o/Fzd4/Pim3/Ppm1b/Ndufs3/Nmt1/Pgm1/Sdhc/Dhrs7b/Aco2/Atl2/Cd302/Slc25a10/Cmpk1/Uqcrc1/Cdkn2c/Acaa2/Ndufab1/Dnajc15/Tst/Sdhb/Rreb1/Mgll/Lifr/Dnajb9/Cyc1/Riok3/Cox6a1/Ubqln1/Grpel1/Tkt/Ndufa5/Stom/Taldo1/Hadh/Acox1/Lama4/Immt/Adipor2/Scarb1/Echs1/Acly/Mtarc2/Ywhag/Acadl/Pdcd4/Slc1a5/Scp2/Abca1/Tob1/Esyt1/Cs/Uqcr11/Idh1/Cd151/Phyh/Atp1b3/Dram2/Ech1/Reep5/Cavin2/Cyp4b1/Plin2/Ifngr1/Cox8a/Agpat3/Cavin1/Mylk/C3/Etfb/G3bp2/Por/Rtn3/Ghitm/Mtch2/Mdh2/Cat/Gpx4/Aldh2/Aldoa/Sparcl1/Cd36/Ucp2/Col4a1/Gpx3/Aplp2/Apoe/Sod1","NRR_vs_ARR = Neonate_Reinfected_NO_IFN - Adult_Reinfected","Hallmark","NRR_vs_ARR = Neonate_Reinfected_NO_IFN - Adult_Reinfected | Positive NES/logFC = higher in Neonate_Reinfected_NO_IFN ; Negative NES/logFC = higher in Adult_Reinfected"
"HALLMARK_MTORC1_SIGNALING","HALLMARK_MTORC1_SIGNALING",199,-0.599914437154285,-2.94213523217766,1.71116552857939e-26,2.13895691072423e-25,1.80122687218883e-26,4846,"tags=62%, list=24%, signal=47%","Pdap1/Nfyc/Mcm2/Shmt2/Gla/Plod2/Dhcr24/Abcf2/Hmbs/Slc1a4/Gga2/Sc5d/Niban1/Psme3/Ddx39a/Rrm2/Cacybp/Tmem97/Cdkn1a/Atp6v1d/Pitpnb/Tcea1/Tubg1/Nup205/Ykt6/Pno1/Arpc5l/Gapdh/Eif2s2/Gsr/Stip1/Ddit4/Eno1/Tbk1/Sdf2l1/Hspd1/G6pdx/Ufm1/Hmgcr/Hspa9/Map2k3/Psma3/Txnrd1/Nmt1/Skap2/Pgm1/Sqle/Pgk1/Cxcr4/Gmps/Psmc2/Lta4h/Itgb2/Insig1/Psmc4/Serpinh1/Gclc/Uso1/Psmb5/Ero1a/Prdx1/P4ha1/Glrx/Fads2/Psmd13/Add3/Ldlr/Cct6a/Edem1/Ccng1/Igfbp5/Hspe1/Immt/Adipor2/Nampt/Ebp/Eprs/Psma4/Acly/Sec11a/Slc1a5/Ldha/Gpi1/M6pr/Tpi1/Nupr1/Slc9a3r1/Idh1/Cops5/Fgl2/Gsk3b/Rpn1/Hspa4/Ssr1/Slc6a6/Psmd14/Actr3/Scd1/Bhlhe40/Cyb5b/Hprt/Ifi30/Serp1/Fkbp2/Psmc6/Atp2a2/Rab1a/Btg2/Fads1/Coro1a/Scd2/Ppia/Actr2/Cd9/Hspa5/Ctsc/Xbp1/Aldoa/Sqstm1/Canx/Lgmn/Calr/Hsp90b1","NRR_vs_ARR = Neonate_Reinfected_NO_IFN - Adult_Reinfected","Hallmark","NRR_vs_ARR = Neonate_Reinfected_NO_IFN - Adult_Reinfected | Positive NES/logFC = higher in Neonate_Reinfected_NO_IFN ; Negative NES/logFC = higher in Adult_Reinfected"
"HALLMARK_EPITHELIAL_MESENCHYMAL_TRANSITION","HALLMARK_EPITHELIAL_MESENCHYMAL_TRANSITION",201,-0.589031773971078,-2.88710576224888,3.61087952801653e-25,3.61087952801653e-24,3.04074065517182e-25,3293,"tags=46%, list=16%, signal=39%","Plod3/Sat1/Plod1/Vcam1/Igfbp2/Serpine1/Col6a2/Notch2/Crlf1/Itgav/Fbln1/Cdh11/Bmp1/Loxl1/Sfrp1/Serpinh1/Slc6a8/Capg/Itgb5/Pdgfrb/Timp1/Wipf1/Gadd45b/Emp3/Slit3/Rhob/Htra1/Dab2/Ccn1/Cald1/Fbn1/Tpm4/Efemp2/Fbln5/Pcolce2/Serpine2/Col5a1/Pmp22/Colgalt1/Dcn/Fuca1/Cadm1/Pcolce/Sdc1/Lamc2/Tnc/Tpm2/Ecm1/Cd44/Sdc4/Qsox1/Lamc1/Myl9/Lox/Mmp2/Copa/Postn/Col6a3/Pmepa1/Mylk/Spp1/Flna/Thbs1/Fermt2/Fstl1/Col5a2/Lrp1/Acta2/Tgm2/Jun/Tagln/Ppib/Vegfa/Tpm1/Id2/Timp3/Col4a2/Mmp14/Calu/Igfbp4/Col4a1/Col1a2/Lgals1/Mgp/Itgb1/Eln/Sparc/Col3a1/Fn1/Bgn/Col1a1/Vim","NRR_vs_ARR = Neonate_Reinfected_NO_IFN - Adult_Reinfected","Hallmark","NRR_vs_ARR = Neonate_Reinfected_NO_IFN - Adult_Reinfected | Positive NES/logFC = higher in Neonate_Reinfected_NO_IFN ; Negative NES/logFC = higher in Adult_Reinfected"
"HALLMARK_APOPTOSIS","HALLMARK_APOPTOSIS",160,-0.579946681661191,-2.75570603409827,1.88859235688636e-19,1.57382696407197e-18,1.32532796974481e-19,3516,"tags=48%, list=18%, signal=39%","Casp7/Casp4/Hgf/Gsr/Dnm1l/Sat1/Ccnd2/Plat/Hspb1/Diablo/Rela/Dnaja1/Gch1/Cyld/Bnip3l/Rock1/Tnfsf10/Vdac2/Pdgfrb/Timp1/Gadd45b/Bcap31/Rhob/Ppp3r1/H1f0/Ppt1/Btg3/Ebp/Tap1/Hmox1/Bax/Pdcd4/Ier3/Isg20/Dcn/Pea15a/Emp1/Crebbp/Smad7/Krt18/Cav1/Cd44/Lgals3/Bcl10/Bcl2l1/Mmp2/Cdkn1b/Hmgb2/Ifngr1/Nedd9/Tspo/Add1/Irf1/Btg2/Ccnd1/F2r/Gstm2/Jun/Dnajc3/Timp2/Clu/Lmna/Gpx4/Anxa1/Timp3/Gpx1/Gsn/Txnip/Ctnnb1/Mcl1/App/Sqstm1/Gpx3/Sptan1/Sod1/Bgn","NRR_vs_ARR = Neonate_Reinfected_NO_IFN - Adult_Reinfected","Hallmark","NRR_vs_ARR = Neonate_Reinfected_NO_IFN - Adult_Reinfected | Positive NES/logFC = higher in Neonate_Reinfected_NO_IFN ; Negative NES/logFC = higher in Adult_Reinfected"
"HALLMARK_INTERFERON_GAMMA_RESPONSE","HALLMARK_INTERFERON_GAMMA_RESPONSE",195,-0.54778329704608,-2.67446714380966,2.42786232148947e-19,1.73418737249248e-18,1.46036831367787e-19,4897,"tags=53%, list=25%, signal=40%","Il18bp/Pml/Rapgef6/Rnf213/Nup93/Irf4/Samd9l/Ifitm3/H2-Aa/Ripk1/Nmi/Ptpn2/Il10ra/Tnfaip2/Cdkn1a/Gzma/Herc6/Nod1/Eif2ak2/Ifit2/Lats2/Gbp3/Ifit3/Trim25/Stat2/Casp8/Trim26/Casp7/Casp4/Arid5b/Adar/Isoc1/Vcam1/Rnf31/Ifi35/Il4ra/Cd274/Zbp1/Ptpn6/Ciita/Psma3/Stat1/Irf7/Irf2/Gch1/Jak2/Lap3/H2-Eb1/Helz2/Pde4b/Ifi27/Tnfsf10/Isg15/Rtp4/C1s1/Parp12/Plscr1/Peli1/Psme2/Mvp/Eif4e3/Psmb2/St8sia4/Nampt/Irf9/Socs3/Nfkb1/Tap1/Irf8/Myd88/Psmb9/Ccl5/Parp14/Isg20/Trafd1/Cfh/H2-DMa/Cmklr1/Psma2/Fgl2/Psmb10/Stat3/Lgals3bp/Ifi30/Icam1/Sppl2a/Samhd1/Nfkbia/Btg1/Irf1/Ifnar2/Hif1a/B2m/Psme1/Tapbp/Sri/Psmb8/Serping1/Cd74/Ly6e/Txnip/Vamp8/H2-D1","NRR_vs_ARR = Neonate_Reinfected_NO_IFN - Adult_Reinfected","Hallmark","NRR_vs_ARR = Neonate_Reinfected_NO_IFN - Adult_Reinfected | Positive NES/logFC = higher in Neonate_Reinfected_NO_IFN ; Negative NES/logFC = higher in Adult_Reinfected"
"HALLMARK_MITOTIC_SPINDLE","HALLMARK_MITOTIC_SPINDLE",199,-0.545027270760628,-2.67295440231268,2.80318154276656e-19,1.7519884642291e-18,1.47535870671924e-19,4816,"tags=49%, list=24%, signal=37%","Synpo/Rapgef6/Sun2/Pcgf5/Ophn1/Plekhg2/Sos1/Bcr/Llgl1/Cdc42ep4/Ckap5/Nck2/Arfip2/Kif3b/Apc/Prex1/Cdk1/Epb41/Itsn1/Cyth2/Mark4/Lats1/Arhgap5/Pcnt/Rasa1/Nin/Cdc42bpa/Arhgap29/Pcm1/Notch2/Cd2ap/Cttn/Cntrl/Wasl/Clip1/Arl8a/Tlk1/Ppp4r2/Map3k11/Rock1/Dock2/Farp1/Septin9/Clasp1/Cdc42ep1/Arfgef1/Lmnb1/Hook3/Pkd2/Arap3/Arhgef2/Fscn1/Kif1b/Ralbp1/Ssh2/Arhgef3/Dlg1/Net1/Dync1h1/Stau1/Numa1/Flnb/Abl1/Pxn/Taok2/Myh10/Vcl/Dock4/Smc1a/Abr/Arhgef12/Pafah1b1/Csnk1d/Palld/Klc1/Akap13/Dynll2/Mid1ip1/Nedd9/Mapre1/Kif5b/Abi1/Flna/Smc3/Epb41l2/Wasf2/Myh9/Arf6/Actn4/Ezr/Gsn/Cdc42/Capzb/Ywhae/Sptan1/Arhgdia/Sptbn1","NRR_vs_ARR = Neonate_Reinfected_NO_IFN - Adult_Reinfected","Hallmark","NRR_vs_ARR = Neonate_Reinfected_NO_IFN - Adult_Reinfected | Positive NES/logFC = higher in Neonate_Reinfected_NO_IFN ; Negative NES/logFC = higher in Adult_Reinfected"
"HALLMARK_PROTEIN_SECRETION","HALLMARK_PROTEIN_SECRETION",96,-0.669648547210996,-2.924800451777,3.79348054881024e-19,2.10748919378347e-18,1.77472774213345e-19,4262,"tags=70%, list=21%, signal=55%","Tpd52/Scamp1/Ica1/Pam/Igf2r/Snap23/Arfip1/Ykt6/Tsg101/Rab5a/Ap3s1/Sec22b/Galc/Dnm1l/Atp6v1h/Bet1/Arfgef2/Stx12/Arfgap3/Rab22a/Rps6ka3/Tmx1/Sgms1/Anp32e/Uso1/Arfgef1/Ergic3/Napa/Yipf6/Vps4b/Kif1b/Ap3b1/Ppt1/Cltc/Cav2/Mapk1/Stx7/Ap1g1/Tspan8/Ap2s1/Mon2/Rer1/Abca1/M6pr/Lman1/Ap2m1/Snx2/Vamp3/Sec31a/Arcn1/Ap2b1/Krt18/Copb2/Rab2a/Adam10/Copb1/Cope/Tmed10/Rab14/Atp1a1/Ctsc/Clta/Cd63/Tmed2/Gnas/Arf1/Sod1","NRR_vs_ARR = Neonate_Reinfected_NO_IFN - Adult_Reinfected","Hallmark","NRR_vs_ARR = Neonate_Reinfected_NO_IFN - Adult_Reinfected | Positive NES/logFC = higher in Neonate_Reinfected_NO_IFN ; Negative NES/logFC = higher in Adult_Reinfected"
"HALLMARK_COMPLEMENT","HALLMARK_COMPLEMENT",192,-0.541380012135563,-2.63600446416668,4.57434089662247e-18,2.28717044831123e-17,1.92603827226209e-18,3075,"tags=40%, list=15%, signal=34%","Plat/Plek/Cd55/Usp15/Serpine1/Gmfb/Stx4a/Irf7/Irf2/Jak2/Lap3/Usp14/Msrb1/Lta4h/Vcpip1/Prep/Raf1/Timp1/Dock10/Prcp/Cr1l/C1s1/Plscr1/Src/Fyn/Mmp15/Ehd1/Usp8/Fdx1/Psmb9/Dock9/Ccl5/Xpnpep1/Pdgfb/Ppp2cb/Cpq/Lipa/Dock4/Cfh/Lyn/Cp/Ppp4c/Gnai3/Adam9/Lgals3/Calm3/Dusp6/C1qc/Irf1/Ctsd/C3/Grb2/Ctsb/Spock2/Ctsl/Lrp1/Serping1/Timp2/Gnai2/Clu/Hspa5/Atox1/Ctss/Ctsc/Col4a2/Mmp14/Csrp1/C1qa/Cd36/Lgmn/Gnb2/Anxa5/Ctsh/Pfn1/Calm1/Fn1","NRR_vs_ARR = Neonate_Reinfected_NO_IFN - Adult_Reinfected","Hallmark","NRR_vs_ARR = Neonate_Reinfected_NO_IFN - Adult_Reinfected | Positive NES/logFC = higher in Neonate_Reinfected_NO_IFN ; Negative NES/logFC = higher in Adult_Reinfected"
"HALLMARK_APICAL_JUNCTION","HALLMARK_APICAL_JUNCTION",198,-0.531021663509649,-2.60255260012762,2.97283198792309e-17,1.35128726723777e-16,1.13792611977917e-17,3453,"tags=43%, list=17%, signal=36%","Mpzl1/Map4k2/Plcg1/Dhx16/Pkd1/Rsu1/Pals1/Ikbkg/Sgce/Akt3/Vcam1/Pik3cb/Rasa1/Cd274/Traf1/Actg2/Rac2/Stx4a/Skap2/Sirpa/Cdh11/Shc1/Wasl/Bmp1/Insig1/Akt2/Tial1/Ctnnd1/Nectin2/Map3k20/Cldn7/Nectin3/Cnn2/Fscn1/Src/Hadh/Rras/Mapk14/Ptprc/Dlg1/Fbn1/Hras/Sorbs3/Parva/Taok2/Pten/Adam15/Ywhah/Exoc4/Sdc3/Myh10/Vcl/Lamc2/Pecam1/Tjp1/Zyx/Itga3/Vwf/B4galt1/Adam9/Myl9/Mmp2/Icam1/Icam2/Myl12b/Vasp/Pcdh1/Actb/Epb41l2/Myh9/Cap1/Actn4/Gnai2/Cd34/Cdh1/Cldn5/Jup/Arpc2/Ctnna1/Cldn18/Actn1/Actg1/Itgb1/Pfn1/Msn","NRR_vs_ARR = Neonate_Reinfected_NO_IFN - Adult_Reinfected","Hallmark","NRR_vs_ARR = Neonate_Reinfected_NO_IFN - Adult_Reinfected | Positive NES/logFC = higher in Neonate_Reinfected_NO_IFN ; Negative NES/logFC = higher in Adult_Reinfected"
"HALLMARK_IL2_STAT5_SIGNALING","HALLMARK_IL2_STAT5_SIGNALING",197,-0.513870181319245,-2.51481470924098,9.2439465888698e-16,3.85164441202908e-15,3.24349003118238e-16,4520,"tags=46%, list=23%, signal=36%","Cyfip1/Adam19/Snx9/Il10ra/Spred2/Ccnd3/Nfkbiz/Gucy1b1/Il18r1/Lrig1/Igf2r/Serpinb6a/Cd79b/Itga6/Gbp3/Map6/Socs2/Lclat1/Cd48/Nt5e/She/Igf1r/Cish/Flt3l/Ptch1/Ndrg1/Ccnd2/Il4ra/S100a1/Traf1/Prkch/Snx14/Hipk2/Tnfrsf1b/Itgav/Ltb/Bcl2/Dcps/Tnfsf10/Capg/P4ha1/Syngr2/Dhrs3/Col6a1/Gadd45b/Plscr1/Rabgap1l/Rhob/Prnp/Dennd5a/Smpdl3a/Irf8/P2rx4/Lrrc8c/Slc39a8/Slc1a5/Nrp1/Plpp1/Rnh1/St3gal4/Gsto1/Emp1/Fgl2/Ecm1/Cd44/Bcl2l1/Bhlhe40/Cdc42se2/Muc1/Plin2/Ckap4/Ifngr1/Klf6/Phlda1/Spp1/Ctsz/Furin/Wls/Gabarapl1/Myo1c/Plec/Tgm2/Alcam/Huwe1/Gpx4/Cd81/Bmpr2/Xbp1/Ahnak/Hopx/Ager","NRR_vs_ARR = Neonate_Reinfected_NO_IFN - Adult_Reinfected","Hallmark","NRR_vs_ARR = Neonate_Reinfected_NO_IFN - Adult_Reinfected | Positive NES/logFC = higher in Neonate_Reinfected_NO_IFN ; Negative NES/logFC = higher in Adult_Reinfected"
"HALLMARK_UNFOLDED_PROTEIN_RESPONSE","HALLMARK_UNFOLDED_PROTEIN_RESPONSE",112,-0.601556676791871,-2.70769739843226,1.86334454844071e-15,7.16670980169503e-15,6.03512404353265e-16,3795,"tags=51%, list=19%, signal=41%","Eif2ak3/Edc4/Kdelr3/Exosc5/Tars/Ttc37/Tatdn2/Ddit4/Iars/Nop56/Dnaja4/Hspa9/Nolc1/Yif1a/Srprb/Eif4a3/Arfgap1/Shc1/Ero1a/Dnajb9/Lsm4/Cnot6/Edem1/Cnot2/Banf1/Atf6/Eif2s1/Sec11a/Paip1/Spcs3/Srpr/Herpud1/Sec31a/Atf4/Imp3/Ssr1/Serp1/Kif5b/Eif4e/Atp6v0d1/Npm1/Eif4g1/Dnajc3/Khsrp/Eif4a2/Vegfa/Hspa5/Spcs1/Fus/Ywhaz/Pdia6/Xbp1/Eif4a1/Rps14/Calr/Hsp90b1/Eef2","NRR_vs_ARR = Neonate_Reinfected_NO_IFN - Adult_Reinfected","Hallmark","NRR_vs_ARR = Neonate_Reinfected_NO_IFN - Adult_Reinfected | Positive NES/logFC = higher in Neonate_Reinfected_NO_IFN ; Negative NES/logFC = higher in Adult_Reinfected"
"HALLMARK_P53_PATHWAY","HALLMARK_P53_PATHWAY",197,-0.506584645316488,-2.47916023118312,4.86524325672898e-15,1.73758687740321e-14,1.46323105465533e-15,3305,"tags=39%, list=17%, signal=33%","Ddit4/Sat1/Ndrg1/Epha2/Rrad/Ralgds/Ccnd2/Zfp36l1/Cd82/Irak1/Trp53/Fam162a/Klf4/Hspa4l/Tcn2/Ptpn14/Rchy1/Sp1/Hbegf/Cyfip2/Ier5/Plk2/Bak1/Mknk2/Ak1/Ccng1/Stom/Notch1/Vwa5a/Mxd4/Hexim1/Dram1/Tap1/Mdm2/Hras/Hmox1/Wwp1/Bax/Plxnb2/Ier3/Rps27l/Ephx1/Tob1/S100a4/Nupr1/Fuca1/Sec61a1/Trafd1/Sdc1/Tax1bp3/Iscu/Rpl36/Cdkn2aip/Pcna/Ifi30/Tsc22d1/Gm2a/Rps12/Dcxr/Btg1/Ctsd/Hint1/Btg2/Cebpa/Tm4sf1/S100a10/F2r/Jun/Ldhb/Cd81/Slc3a2/Rpl18/Txnip/App/Vamp8/Rack1","NRR_vs_ARR = Neonate_Reinfected_NO_IFN - Adult_Reinfected","Hallmark","NRR_vs_ARR = Neonate_Reinfected_NO_IFN - Adult_Reinfected | Positive NES/logFC = higher in Neonate_Reinfected_NO_IFN ; Negative NES/logFC = higher in Adult_Reinfected"
"HALLMARK_UV_RESPONSE_DN","HALLMARK_UV_RESPONSE_DN",144,-0.551683346372286,-2.58356545083317,1.33981698013461e-14,4.46605660044869e-14,3.7608897687989e-15,4427,"tags=49%, list=22%, signal=38%","Nipbl/Kit/Inpp4b/F3/Ica1/Togaram1/Gja1/Syne1/Met/Pik3cd/Grk5/Mta1/Tfpi/Atxn1/Igf1r/Aggf1/Prkce/Akt3/Cdc42bpa/Serpine1/Bmpr1a/Zmiz1/Notch2/Plpp3/Runx1/Atp2b4/Sipa1l1/Dyrk1a/Adgrl2/Insig1/Mgll/Pdgfrb/Apbb2/Nek7/Nr1d2/Add3/Ldlr/Fyn/Dab2/Ccn1/Mapk14/Id1/Igfbp5/Dlg1/Dusp1/Atp2c1/Nfkb1/Fbln5/Pten/Nrp1/Pmp22/Atrx/Atp2b1/Efemp1/Tjp1/Smad7/Spop/Cav1/Lamc1/Ptprm/Bhlhe40/Cdkn1b/Col5a2/Sri/Tgfbr2/Anxa2/Nfib/Col1a2/Col3a1/Col1a1","NRR_vs_ARR = Neonate_Reinfected_NO_IFN - Adult_Reinfected","Hallmark","NRR_vs_ARR = Neonate_Reinfected_NO_IFN - Adult_Reinfected | Positive NES/logFC = higher in Neonate_Reinfected_NO_IFN ; Negative NES/logFC = higher in Adult_Reinfected"
"HALLMARK_REACTIVE_OXYGEN_SPECIES_PATHWAY","HALLMARK_REACTIVE_OXYGEN_SPECIES_PATHWAY",48,-0.738387461853184,-2.85576623748749,3.64606022796045e-14,1.13939382123764e-13,9.59489533673802e-15,3464,"tags=69%, list=17%, signal=57%","Lamtor5/Gsr/Scaf4/Oxsr1/Hhex/Prdx4/G6pdx/Prdx2/Fes/Ptpa/Selenos/Txnrd1/Ndufb4/Gclc/Prdx1/Glrx/Gclm/Hmox2/Prnp/Stk25/Egln2/Prdx6/Ndufa6/Ndufs2/Junb/Cat/Gpx4/Mgst1/Atox1/Txn1/Gpx3/Ftl1/Sod1","NRR_vs_ARR = Neonate_Reinfected_NO_IFN - Adult_Reinfected","Hallmark","NRR_vs_ARR = Neonate_Reinfected_NO_IFN - Adult_Reinfected | Positive NES/logFC = higher in Neonate_Reinfected_NO_IFN ; Negative NES/logFC = higher in Adult_Reinfected"
"HALLMARK_FATTY_ACID_METABOLISM","HALLMARK_FATTY_ACID_METABOLISM",153,-0.536839418590136,-2.52824459625634,4.39633187154792e-14,1.29303878574939e-13,1.08887476694685e-14,3426,"tags=41%, list=17%, signal=34%","Gstz1/Trp53inp2/Rap1gds1/Suclg1/Eci1/Adsl/Eci2/Sucla2/Dld/Kmt5a/Acsl1/Hsph1/Fmo1/Ugdh/Ncaph2/Sdhc/Aco2/Cpt1a/Acaa2/Acss1/Acadvl/Mgll/Metap1/Mdh1/Maoa/Hadh/Acox1/Car4/Hsd17b10/Cbr1/Dlst/Adipor2/Echs1/Erp29/Idh3b/Aldh3a2/Acadl/Acsl4/Hsd17b4/Ywhah/Ldha/Hsd17b11/Ephx1/Acsl5/Fasn/Sdha/Idh1/Prdx6/Hpgd/Ostc/Ech1/Adh1/Psme1/Gabarapl1/S100a10/H2az1/Mdh2/Glul/Hsp90aa1/Aldoa/Cd36/Inmt/Lgals1","NRR_vs_ARR = Neonate_Reinfected_NO_IFN - Adult_Reinfected","Hallmark","NRR_vs_ARR = Neonate_Reinfected_NO_IFN - Adult_Reinfected | Positive NES/logFC = higher in Neonate_Reinfected_NO_IFN ; Negative NES/logFC = higher in Adult_Reinfected"
"HALLMARK_TNFA_SIGNALING_VIA_NFKB","HALLMARK_TNFA_SIGNALING_VIA_NFKB",196,-0.49082013741422,-2.40232406465707,2.79799112213779e-13,7.77219756149386e-13,6.54500847283694e-14,3249,"tags=36%, list=16%, signal=31%","Sat1/Per1/Sgk1/Trib1/Klf10/Tnip1/Ccrl2/Plek/Serpine1/Traf1/Trip10/Rela/Plpp3/Map2k3/Klf4/Gch1/Hbegf/Pde4b/Ifngr2/Zfp36/Ier5/Plk2/Ier2/Efna1/Klf9/Gadd45b/Ldlr/Rhob/Nfat5/Ehd1/Pnrc1/Ccn1/Ets2/Nampt/Dennd5a/Btg3/Dusp1/Socs3/Nfkb1/Nfe2l2/Dram1/Tap1/Ccl5/Abca1/Ier3/Atp2b1/Tnc/B4galt1/Cd44/Sdc4/Bhlhe40/Hes1/Icam1/Litaf/Klf6/Pmepa1/Phlda1/Nfkbia/Tsc22d1/Btg1/Irf1/Btg2/Ccnd1/Jun/Junb/Il6st/Vegfa/Id2/Eif1/Mcl1/Sqstm1","NRR_vs_ARR = Neonate_Reinfected_NO_IFN - Adult_Reinfected","Hallmark","NRR_vs_ARR = Neonate_Reinfected_NO_IFN - Adult_Reinfected | Positive NES/logFC = higher in Neonate_Reinfected_NO_IFN ; Negative NES/logFC = higher in Adult_Reinfected"
"HALLMARK_DNA_REPAIR","HALLMARK_DNA_REPAIR",149,-0.531257928641756,-2.50142040647251,3.90018698515607e-13,1.0263649960937e-12,8.6430736513154e-14,5740,"tags=58%, list=29%, signal=41%","Ell/Taf9/Gtf2h1/Eloa/Smad5/Polh/Polr2h/Polr2i/Nme3/Dgcr8/Polr2d/Taf6/Rfc2/Snapc5/Polr2c/Dad1/Tk2/Nt5c3/Nelfe/Ada/Mpg/Polr1c/Ncbp2/Cant1/Surf1/Gtf2f1/Impdh2/Taf13/Polr2j/Ercc3/Tsg101/Stx3/Rala/Ak3/Cox17/Supt4a/Vps37b/Cstf3/Cetn2/Zwint/Pole4/Mrpl40/Gmpr2/Gtf2b/Adcy6/Edf1/Npr2/Polr2g/Hcls1/Taf10/Nfx1/Nudt9/Nme1/Trp53/Nelfb/Rae1/Dut/Gtf2h5/Pde4b/Mpc2/Adrm1/Ssrp1/Sf3a3/Bcap31/Ak1/Guk1/Polr1h/Supt5/Polr2a/Dctn4/Nt5c/Eif1b/Polr2e/Sec61a1/Vps28/Polr2f/Rbx1/Arl6ip1/Pcna/Hprt/Sdcbp/Srsf6/Gpx4/Tmed2/Ddb1/Bcam","NRR_vs_ARR = Neonate_Reinfected_NO_IFN - Adult_Reinfected","Hallmark","NRR_vs_ARR = Neonate_Reinfected_NO_IFN - Adult_Reinfected | Positive NES/logFC = higher in Neonate_Reinfected_NO_IFN ; Negative NES/logFC = higher in Adult_Reinfected"
"HALLMARK_PI3K_AKT_MTOR_SIGNALING","HALLMARK_PI3K_AKT_MTOR_SIGNALING",105,-0.581053424389129,-2.58985345487287,6.31483435094009e-13,1.57870858773502e-12,1.32943881072423e-13,4608,"tags=55%, list=23%, signal=43%","Map3k7/Mapkap1/Ripk1/Smad2/Cdkn1a/Nod1/Mapk9/Cdk1/Rptor/Stat2/Pak4/Plcg1/Ptpn11/Ecsit/Tbk1/Cab39l/Csnk2b/Traf2/Map2k3/Rps6ka3/Cxcr4/Ralb/Raf1/Prkar2a/Grk2/Mknk2/Il2rg/Rps6ka1/Dusp3/Cltc/Mapk1/Tsc2/Hras/Myd88/Pten/Ap2m1/Akt1s1/Ywhab/Gsk3b/Cab39/Cdk4/Actr3/Tnfrsf1a/Akt1/Cdkn1b/Rac1/Eif4e/Grb2/Actr2/Arpc3/Ppp1ca/Sqstm1/Arf1/Calr/Arhgdia/Pfn1/Cfl1/Hsp90b1","NRR_vs_ARR = Neonate_Reinfected_NO_IFN - Adult_Reinfected","Hallmark","NRR_vs_ARR = Neonate_Reinfected_NO_IFN - Adult_Reinfected | Positive NES/logFC = higher in Neonate_Reinfected_NO_IFN ; Negative NES/logFC = higher in Adult_Reinfected"
"HALLMARK_INTERFERON_ALPHA_RESPONSE","HALLMARK_INTERFERON_ALPHA_RESPONSE",95,-0.595032334961669,-2.591250748456,7.88329384768084e-13,1.87697472563829e-12,1.58061029527435e-13,4769,"tags=58%, list=24%, signal=44%","Samd9l/Ifitm3/Tmem140/Mov10/Nmi/Herc6/Eif2ak2/Ifit2/Gbp3/Ifit3/Trim25/Stat2/Casp8/Trim26/Lpar6/Adar/Rnf31/Ccrl2/Ifi35/Il4ra/Nub1/Psma3/Parp9/Irf7/Irf2/Lap3/Helz2/Ifi27/Isg15/Elf1/Rtp4/Mvb12a/C1s1/Uba7/Ifitm1/Parp12/Plscr1/Gbp2/Psme2/Irf9/Tap1/Psmb9/Parp14/Isg20/Trafd1/Cd47/Lgals3bp/Ifi30/Irf1/B2m/Psme1/Psmb8/Cd74/Ly6e/Txnip","NRR_vs_ARR = Neonate_Reinfected_NO_IFN - Adult_Reinfected","Hallmark","NRR_vs_ARR = Neonate_Reinfected_NO_IFN - Adult_Reinfected | Positive NES/logFC = higher in Neonate_Reinfected_NO_IFN ; Negative NES/logFC = higher in Adult_Reinfected"
"HALLMARK_COAGULATION","HALLMARK_COAGULATION",137,-0.535719042184606,-2.48835062631077,1.78290672178532e-12,4.05206073133028e-12,3.41226166848866e-13,2519,"tags=36%, list=13%, signal=31%","Pef1/Pros1/Klf7/Bmp1/Lta4h/Prep/Timp1/C1s1/Arf4/Htra1/Fyn/Mmp15/Fbn1/Pdgfb/Cpq/Gng12/Cfh/Pecam1/Iscu/Vwf/Thbd/Adam9/Wdr1/Mmp2/Dusp6/Rac1/Thbs1/Furin/C3/Ctsb/Ctsl/Lrp1/Trf/Serping1/Capn2/Clu/Cd9/Anxa1/Timp3/Mmp14/Gsn/Csrp1/C1qa/Lgmn/Crip2/Gnb2/Ctsh/Sparc/Fn1","NRR_vs_ARR = Neonate_Reinfected_NO_IFN - Adult_Reinfected","Hallmark","NRR_vs_ARR = Neonate_Reinfected_NO_IFN - Adult_Reinfected | Positive NES/logFC = higher in Neonate_Reinfected_NO_IFN ; Negative NES/logFC = higher in Adult_Reinfected"
"HALLMARK_G2M_CHECKPOINT","HALLMARK_G2M_CHECKPOINT",196,-0.467831829308423,-2.28980756103672,1.71385484665119e-11,3.72577140576345e-11,3.13749171011659e-12,3829,"tags=33%, list=19%, signal=27%","Cdk1/Ctcf/Ccnt1/Tra2b/Xpo1/Prpf4b/Mki67/Cul4a/Ube2c/Upf1/Rad21/Tle3/Kmt5a/E2f4/Notch2/Nolc1/Arid4a/Jpt1/Odf2/Sqle/Dr1/Chmp1a/Ilf3/Cdkn2c/Stag1/Rad23b/Map3k20/Lmnb1/Lbr/H2az2/Foxn3/Pura/Atf5/Cul1/Mapk14/Ube2s/Numa1/Syncrip/Bub3/Abl1/Cbx1/Tmpo/Atrx/Nup98/Hmgn2/Smc1a/Kpnb1/Slc12a2/Hnrnpd/Pafah1b1/Cdk4/Cdkn1b/G3bp1/Srsf2/Stmn1/Kif5b/Cul3/Hif1a/Ccnd1/Ncl/H2az1/Srsf1/Sfpq/Hnrnpu/Hspa8","NRR_vs_ARR = Neonate_Reinfected_NO_IFN - Adult_Reinfected","Hallmark","NRR_vs_ARR = Neonate_Reinfected_NO_IFN - Adult_Reinfected | Positive NES/logFC = higher in Neonate_Reinfected_NO_IFN ; Negative NES/logFC = higher in Adult_Reinfected"
"HALLMARK_HYPOXIA","HALLMARK_HYPOXIA",199,-0.459162638332706,-2.2518520840179,3.31341601770031e-11,6.90295003687565e-11,5.81301055736897e-12,4375,"tags=43%, list=22%, signal=34%","Zfp292/Ccn5/Jmjd6/Cdkn1a/Gpc4/F3/Tpd52/Pam/Nagk/Map3k1/Slc25a1/Tgfbi/Kdelr3/Ackr3/P4ha2/Gcnt2/Csrp2/Nedd4l/Gapdh/Foxo3/Kdm3a/Ddit4/Ndrg1/Eno1/Serpine1/Fam162a/Lxn/Gaa/Pgm1/Pgk1/Cxcr4/Bcl2/Klf7/Pdk3/Hdlbp/Bnip3l/Zfp36/Ero1a/P4ha1/Efna1/Rbpj/Glrx/Tgfb3/Ext1/Pnrc1/Ccn1/Hk1/Dusp1/Scarb1/Hmox1/Ndst1/Ugp2/Xpnpep1/Pdgfb/Ldha/Ier3/Col5a1/Gpi1/Sdc3/Plac8/Tpi1/Isg20/Dcn/S100a4/Cp/Cav1/Slc6a6/Sdc4/Ets1/Lox/Bhlhe40/Cdkn1b/Plin2/Gpc3/Klf6/Cavin1/Btg1/Myh9/Prdx5/Tgm2/Jun/Vegfa/Hspa5/Anxa2/Aldoa/Bgn","NRR_vs_ARR = Neonate_Reinfected_NO_IFN - Adult_Reinfected","Hallmark","NRR_vs_ARR = Neonate_Reinfected_NO_IFN - Adult_Reinfected | Positive NES/logFC = higher in Neonate_Reinfected_NO_IFN ; Negative NES/logFC = higher in Adult_Reinfected"
"HALLMARK_UV_RESPONSE_UP","HALLMARK_UV_RESPONSE_UP",157,-0.495316723460805,-2.34425645025969,4.35998127268707e-11,8.71996254537414e-11,7.34312635399928e-12,3372,"tags=39%, list=17%, signal=33%","Rxrb/Stip1/Atp6v1f/Mark2/Nxf1/Rrad/Igfbp2/Prkaca/Slc25a4/Dnaja1/Fmo1/Gch1/Dnajb1/Klhdc3/Cdc34/Tst/Slc6a8/Ago2/Arrb2/Bak1/Grpel1/Epcam/Rhob/Maoa/Ppt1/Btg3/Creg1/Tap1/Hmox1/Ppp1r2/Mrpl23/Ap2s1/Grina/Stk25/Ephx1/Lyn/Rpn1/Fkbp4/Gls/Cltb/Cyb5b/Icam1/Selenow/Nfkbia/Btg1/Irf1/Alas1/Mgat1/Btg2/Furin/H2-Q1/Ctsl/Eif2s3x/Junb/Il6st/Mmp14/Aldoa/Bsg/Sqstm1/Gpx3/Tmbim6/Hnrnpu","NRR_vs_ARR = Neonate_Reinfected_NO_IFN - Adult_Reinfected","Hallmark","NRR_vs_ARR = Neonate_Reinfected_NO_IFN - Adult_Reinfected | Positive NES/logFC = higher in Neonate_Reinfected_NO_IFN ; Negative NES/logFC = higher in Adult_Reinfected"
"HALLMARK_E2F_TARGETS","HALLMARK_E2F_TARGETS",199,-0.456790531919966,-2.24021866195108,5.15050825190961e-11,9.90482356136464e-11,8.34090405167549e-12,5108,"tags=42%, list=26%, signal=31%","Rpa1/Tbrg4/Rfc2/Donson/Cse1l/Dctpp1/Mcm2/Ak2/Mcm7/Usp1/Pan2/Ezh2/Ddx39a/Rrm2/Ubr7/Slbp/Cdkn1a/Rad50/Mcm6/Psip1/Ncapd2/Tubg1/Nup205/Msh2/Phf5a/Cdk1/Ctcf/Tra2b/Xpo1/Asf1a/Mki67/Pold2/Pole4/Nup153/Prdx4/Nop56/Cnot9/Rad21/Dnmt1/Nme1/Trp53/Smc6/Nolc1/Jpt1/Eed/Ran/Ilf3/Ctps/Ipo7/Dut/Cdkn2c/Stag1/Anp32e/Exosc8/Lmnb1/Ssrp1/Lbr/Cbx5/Ranbp1/Prps1/Rbbp7/Ube2s/Eif2s1/Syncrip/Tmpo/Paics/Smc1a/Luc7l3/Hnrnpd/Nap1l1/Cdk4/Cdkn1b/Pcna/Hmgb2/Tubb5/Naa38/Srsf2/Stmn1/Dek/Smc3/H2az1/Srsf1/Snrpb","NRR_vs_ARR = Neonate_Reinfected_NO_IFN - Adult_Reinfected","Hallmark","NRR_vs_ARR = Neonate_Reinfected_NO_IFN - Adult_Reinfected | Positive NES/logFC = higher in Neonate_Reinfected_NO_IFN ; Negative NES/logFC = higher in Adult_Reinfected"
"HALLMARK_GLYCOLYSIS","HALLMARK_GLYCOLYSIS",200,-0.451071195184458,-2.21176521992527,2.425154437823e-10,4.49102673670926e-10,3.78191725196569e-11,5286,"tags=52%, list=26%, signal=38%","Cog2/Sap30/Capn5/Pcx/Pfkp/Ecd/Galk1/Pgm2/Gfus/Aldh7a1/Fut8/Kif20a/Got2/Plod2/Xylt2/Paxip1/Zfp292/Elf3/Slc35a3/Gpc4/Pam/Chpf/Il13ra1/Gne/Rars/Med24/Ak3/Cdk1/Met/Tgfbi/Kdelr3/Chst12/P4ha2/Aldh9a1/Cldn3/Gmppa/Nol3/Hs2st1/Hax1/Nt5e/Chpf2/Gmppb/Rpe/Pmm2/Ddit4/Plod1/Eno1/G6pdx/Dld/Pygb/Fam162a/Ext2/B3gat3/Pygl/Sdhc/Pgk1/Cxcr4/Gusb/Slc25a10/Pdk3/Hdlbp/Psmc4/Gclc/Ero1a/P4ha1/Pgam1/Glrx/Ext1/Mdh1/Ndufv3/Taldo1/Prps1/Gfpt1/Ugp2/Ldha/Ppp2cb/Ier3/Col5a1/Sdc3/Tpi1/Isg20/Dcn/Idh1/Agrn/Sdc1/B4galt1/Cd44/Copb2/Qsox1/Fkbp4/Gpc3/Stmn1/Arpp19/Cyb5a/Ppia/Pkm/Mdh2/Vegfa/Hspa5/Akr1a1/Txn1/Aldoa/Sod1","NRR_vs_ARR = Neonate_Reinfected_NO_IFN - Adult_Reinfected","Hallmark","NRR_vs_ARR = Neonate_Reinfected_NO_IFN - Adult_Reinfected | Positive NES/logFC = higher in Neonate_Reinfected_NO_IFN ; Negative NES/logFC = higher in Adult_Reinfected"
"HALLMARK_ANDROGEN_RESPONSE","HALLMARK_ANDROGEN_RESPONSE",106,-0.536257538853617,-2.39795226357147,3.0620883212252e-10,5.46801485933072e-10,4.60464409206797e-11,5434,"tags=59%, list=27%, signal=43%","Uap1/Elovl5/Ncoa4/Sms/Akap12/Tmprss2/Hmgcs1/Sec24d/Ptk2b/Elk4/Dhcr24/Iqgap2/Cdk6/Inpp4b/Ccnd3/Tpd52/Appbp2/Ell2/Slc26a2/Gsr/Arid5b/Sat1/Ndrg1/Sgk1/Hmgcr/Zmiz1/Srp19/Rps6ka3/Itgav/Insig1/Pias1/Lifr/Dnajb9/Cdc14b/Steap4/Adrm1/H1f0/Tmem50a/Vapa/Plpp1/Spcs3/Lman1/Dbi/Gucy1a1/Gnai3/Hpgd/Ube2i/B4galt1/Abhd2/Krt19/Scd1/Akt1/Slc38a2/Pmepa1/Tsc22d1/B2m/Ccnd1/Fads1/Selenop/Scd2/Krt8/Actn1/Myl12a","NRR_vs_ARR = Neonate_Reinfected_NO_IFN - Adult_Reinfected","Hallmark","NRR_vs_ARR = Neonate_Reinfected_NO_IFN - Adult_Reinfected | Positive NES/logFC = higher in Neonate_Reinfected_NO_IFN ; Negative NES/logFC = higher in Adult_Reinfected"
"HALLMARK_MYOGENESIS","HALLMARK_MYOGENESIS",201,-0.439245847742449,-2.15293855798581,9.91712813980925e-10,1.70984967927746e-09,1.43987341412839e-10,2915,"tags=30%, list=15%, signal=26%","Svil/Col6a2/Acsl1/Kifc3/Gaa/Myh11/Denn2b/Hbegf/Aplnr/Aebp1/Akt2/Slc6a8/Itgb5/Mef2a/Flii/Sod3/Syngr2/Gadd45b/Ptp4a3/Ak1/Des/Mef2d/Notch1/Prnp/Tsc2/Sorbs3/Igf1/Ablim1/Plxnb2/Dmpk/Agrn/Gabarapl2/Tpm2/Bag1/Scd1/Bhlhe40/Cnn3/Col6a3/Mylk/Atp6ap1/Tpm3/Myh9/Myo1c/Tagln/Cryab/Scd2/Eif4a2/Clu/Col4a2/Gsn/Cd36/App/Gpx3/Sptan1/Itgb1/Sparc/Igfbp7/Fhl1/Col3a1/Col1a1","NRR_vs_ARR = Neonate_Reinfected_NO_IFN - Adult_Reinfected","Hallmark","NRR_vs_ARR = Neonate_Reinfected_NO_IFN - Adult_Reinfected | Positive NES/logFC = higher in Neonate_Reinfected_NO_IFN ; Negative NES/logFC = higher in Adult_Reinfected"
"HALLMARK_XENOBIOTIC_METABOLISM","HALLMARK_XENOBIOTIC_METABOLISM",201,-0.425831841743702,-2.08719056997367,7.35545083161161e-09,1.22590847193527e-08,1.03234397636654e-09,3621,"tags=35%, list=18%, signal=29%","Gcnt2/Crot/Aldh9a1/Slc35b1/Gsr/Lonp1/Hsd11b1/Epha2/Dhrs7/Serpine1/Pink1/Blvrb/Marchf6/Fmo1/Nmt1/Ugdh/Fbln1/Aco2/Gch1/Pros1/Adh5/Lpin2/Cyfip2/Gclc/Sar1b/Npc1/Cyp2s1/Maoa/Ddah2/Acox1/Ptgr1/Cbr1/Ets2/Cndp2/Irf8/Hes6/Hmox1/Igf1/Slc1a5/Ephx1/Gsto1/Idh1/Comt/Xdh/Ech1/Psmb10/Slc6a6/Tnfrsf1a/Hprt/Adh1/Arpp19/Gsta3/Ssr3/Dcxr/Ptges3/Atp2a2/Cyb5a/Alas1/Por/Gabarapl1/Cat/Id2/Ces1d/Jup/Aldh2/Igfbp4/Cd36/Tmbim6/Tmem176b/Apoe","NRR_vs_ARR = Neonate_Reinfected_NO_IFN - Adult_Reinfected","Hallmark","NRR_vs_ARR = Neonate_Reinfected_NO_IFN - Adult_Reinfected | Positive NES/logFC = higher in Neonate_Reinfected_NO_IFN ; Negative NES/logFC = higher in Adult_Reinfected"
"HALLMARK_ESTROGEN_RESPONSE_LATE","HALLMARK_ESTROGEN_RESPONSE_LATE",203,-0.426916368567109,-2.09923164805471,9.09894119337859e-09,1.46757116022235e-08,1.23584939808198e-09,4743,"tags=39%, list=24%, signal=30%","Kif20a/Fos/St14/Gla/Ptges/Slc1a4/Fdft1/Snx10/Ccn5/S100a9/Rabep1/Cxcl12/Itpk1/Scnn1a/Slc29a1/Sema3b/Slc26a2/Lsr/Cish/Hspb8/Sgk1/Aff1/Nab2/Fabp5/Jak1/Blvrb/Dynlt3/Plaat3/Atp2b4/Ptpn6/Klf4/Ugdh/Hspa4l/Jak2/Bcl2/Farp1/Tst/Zfp36/Aldh3b1/Fam102a/Chpt1/Add3/Rab31/Btg3/Scarb1/Ncor2/Flnb/Aldh3a2/Pdcd4/Tob1/Isg20/Slc9a3r1/Serpina3n/Lamc2/Dnajc1/Idh2/Bag1/Cav1/Cd44/Tspan13/Abhd2/Krt19/Fkbp4/Hprt/Cox6c/Amfr/Cxcl14/Dcxr/Nbl1/Etfb/Ccnd1/Abca3/Clic3/Il6st/Id2/Cd9/Cdh1/Emp2/Xbp1/Igfbp4","NRR_vs_ARR = Neonate_Reinfected_NO_IFN - Adult_Reinfected","Hallmark","NRR_vs_ARR = Neonate_Reinfected_NO_IFN - Adult_Reinfected | Positive NES/logFC = higher in Neonate_Reinfected_NO_IFN ; Negative NES/logFC = higher in Adult_Reinfected"
"HALLMARK_ALLOGRAFT_REJECTION","HALLMARK_ALLOGRAFT_REJECTION",197,-0.423448023402437,-2.07230027458997,1.13151520329212e-08,1.76799250514393e-08,1.48883579380542e-09,2697,"tags=29%, list=14%, signal=25%","Traf2/Ptpn6/Stat1/Irf7/Ltb/Jak2/Apbb1/Csk/Elf4/Stab1/Itgb2/Ifngr2/Eif3d/Capg/Timp1/Cd3e/H2-DMb1/Il2rg/Fcgr2b/Gbp2/Eif4g3/Ptprc/St8sia4/H2-T23/Abce1/Tap1/Irf8/Ccl5/Degs1/Rpl9/Srgn/H2-DMa/Lyn/Cd47/Rps9/Psmb10/Bcl10/Ets1/Akt1/Galnt1/Tap2/Icam1/Ifngr1/Abi1/Flna/Ifnar2/Npm1/Hif1a/B2m/Tapbp/F2r/Eif3a/Ctss/H2-Ea/Cd74/Rps3a1/Rps19","NRR_vs_ARR = Neonate_Reinfected_NO_IFN - Adult_Reinfected","Hallmark","NRR_vs_ARR = Neonate_Reinfected_NO_IFN - Adult_Reinfected | Positive NES/logFC = higher in Neonate_Reinfected_NO_IFN ; Negative NES/logFC = higher in Adult_Reinfected"
"HALLMARK_CHOLESTEROL_HOMEOSTASIS","HALLMARK_CHOLESTEROL_HOMEOSTASIS",75,-0.573072875669736,-2.4138729815371,1.50124231067663e-08,2.27460956163126e-08,1.91546068347896e-09,4629,"tags=56%, list=23%, signal=43%","Pmvk/Tnfrsf12a/Gpx8/Sc5d/Niban1/Acss2/Fdft1/Tmem97/Abca2/Sema3b/Jag1/Trp53inp1/Fabp5/Hmgcr/Sqle/Fbxo6/Gusb/Pdk3/Stx5a/Antxr2/Fads2/Plscr1/Ldlr/Pnrc1/Atf5/Ebp/Fasn/Srebf2/Ech1/Lgals3/Scd1/Cxcl16/Mal2/Scd2/Alcam/Clu/Cd9/Ctnnb1/Actg1/Lgmn/Anxa5/S100a11","NRR_vs_ARR = Neonate_Reinfected_NO_IFN - Adult_Reinfected","Hallmark","NRR_vs_ARR = Neonate_Reinfected_NO_IFN - Adult_Reinfected | Positive NES/logFC = higher in Neonate_Reinfected_NO_IFN ; Negative NES/logFC = higher in Adult_Reinfected"
"HALLMARK_TGF_BETA_SIGNALING","HALLMARK_TGF_BETA_SIGNALING",54,-0.621861351855112,-2.47322317698658,2.16200425884995e-08,3.17941802772051e-08,2.67740465492254e-09,3140,"tags=56%, list=16%, signal=47%","Klf10/Serpine1/Ski/Bmpr1a/Hipk2/Cdk9/Ifngr2/Ppm1a/Rab31/Id1/Ncor2/Smurf2/Tjp1/Ltbp2/Smad7/Smad6/Pmepa1/Fkbp1a/Thbs1/Furin/Eng/Id3/Junb/Id2/Cdh1/Bmpr2/Ppp1ca/Ctnnb1/Rhoa/Sptbn1","NRR_vs_ARR = Neonate_Reinfected_NO_IFN - Adult_Reinfected","Hallmark","NRR_vs_ARR = Neonate_Reinfected_NO_IFN - Adult_Reinfected | Positive NES/logFC = higher in Neonate_Reinfected_NO_IFN ; Negative NES/logFC = higher in Adult_Reinfected"
"HALLMARK_HEME_METABOLISM","HALLMARK_HEME_METABOLISM",189,-0.428510949896636,-2.08206072117198,2.68389729063358e-08,3.83413898661939e-08,3.22874862031107e-09,5693,"tags=51%, list=29%, signal=37%","Optn/Tfrc/Endod1/Hagh/Ctns/Mxi1/Dcun1d1/Cpox/Ncoa4/Synj1/Ctse/Acp5/Pcx/Eif2ak1/Bpgm/Abcg2/Smox/Glrx5/Hmbs/Isca1/Marchf8/Ccnd3/Tnrc6b/Kdm7a/Aldh1l1/Tcea1/Marchf2/Slc10a3/Ppox/Ell2/Hebp1/H4c14/Sidt2/Ypel5/P4ha2/Epb41/Nnt/Foxo3/Mkrn1/Bach1/Atp6v0a1/Mgst3/Lmo2/Tspan5/Tfdp2/Rnf19a/Prdx2/Rad23a/Usp15/Khnyn/Bmp2k/Picalm/Blvrb/Map2k3/Fbxo9/Fech/Agpat4/Gmps/Psmd9/Dcaf11/Bnip3l/Lpin2/Tent5c/Mark3/Slc6a8/Gclc/Riok3/Htra2/Daam1/Slc11a2/Nek7/Mpp1/Rbm5/Gclm/Cast/H1f0/Gapvd1/Klf3/Vezf1/Tmem9b/Adipor1/Arhgef12/Gde1/Nudt4/Add1/Sec14l1/Btg2/C3/Ctsb/Lrp10/Sdcbp/Cat/Tns1/Bsg/Ucp2/Bcam","NRR_vs_ARR = Neonate_Reinfected_NO_IFN - Adult_Reinfected","Hallmark","NRR_vs_ARR = Neonate_Reinfected_NO_IFN - Adult_Reinfected | Positive NES/logFC = higher in Neonate_Reinfected_NO_IFN ; Negative NES/logFC = higher in Adult_Reinfected"
"HALLMARK_PEROXISOME","HALLMARK_PEROXISOME",102,-0.506994743398264,-2.25299765761572,3.29258351150621e-08,4.57303265486974e-08,3.85097486725873e-09,4432,"tags=48%, list=22%, signal=38%","Hmgcl/Acaa1a/Pex13/Aldh1a7/Abcd1/Msh2/Ercc3/Aldh9a1/Slc35b2/Atxn1/Eci2/Isoc1/Ide/Acsl1/Slc25a17/Slc25a4/Cdk7/Ctps/Prdx1/Dhrs3/Slc23a2/Vps4b/Mvp/Acox1/Abcd3/Sema3c/Hras/Acsl4/Hsd17b4/Scp2/Ywhah/Hsd17b11/Lonp2/Acsl5/Idh1/Cadm1/Idh2/Ctbp1/Ech1/Bcl10/Tspo/Fis1/Fads1/Prdx5/Cat/Pabpc1/Cnbp/Sod1/Scgb1a1","NRR_vs_ARR = Neonate_Reinfected_NO_IFN - Adult_Reinfected","Hallmark","NRR_vs_ARR = Neonate_Reinfected_NO_IFN - Adult_Reinfected | Positive NES/logFC = higher in Neonate_Reinfected_NO_IFN ; Negative NES/logFC = higher in Adult_Reinfected"
"HALLMARK_KRAS_SIGNALING_UP","HALLMARK_KRAS_SIGNALING_UP",203,-0.404440646369153,-1.9887141068576,2.55948789682283e-07,3.45876742813896e-07,2.91264625527491e-08,3614,"tags=41%, list=18%, signal=34%","Itga2/Akap12/Plaur/Lat2/Rbp4/Bpgm/Il33/Prdm1/Dcbld2/Mafb/Birc3/Fbxo4/Ikzf1/Il10ra/Plau/St6gal1/Tor1aip2/Map3k1/Sema3b/Tspan1/Crot/Rbm4/Usp12/Tfpi/Ccser2/Hsd11b1/Prelid3b/Trib1/Nin/Ccnd2/Plat/Wdr33/C3ar1/Cbx8/Cbl/Adgra2/Cab39l/Traf1/Ano1/Klf4/Tnfrsf1b/Etv5/Cxcr4/Flt4/Hbegf/Dock2/Slpi/Itgb2/Tmem100/Akt2/Ero1a/Glrx/Il2rg/Rabgap1l/Adam17/Vwa5a/Irf8/Laptm5/Nrp1/Fuca1/Serpina3n/Cfh/Cmklr1/Gucy1a1/Pecam1/Emp1/Tspan13/Ets1/Dusp6/Gng11/Tspan7/Spp1/Eng/Psmb8/Id2/Jup/Ctss/Spon1/Lcp1/Sparcl1/Ace/Tmem176a/Tmem176b","NRR_vs_ARR = Neonate_Reinfected_NO_IFN - Adult_Reinfected","Hallmark","NRR_vs_ARR = Neonate_Reinfected_NO_IFN - Adult_Reinfected | Positive NES/logFC = higher in Neonate_Reinfected_NO_IFN ; Negative NES/logFC = higher in Adult_Reinfected"
"HALLMARK_ESTROGEN_RESPONSE_EARLY","HALLMARK_ESTROGEN_RESPONSE_EARLY",199,-0.396480144092916,-1.94444095449339,5.7016904234034e-07,7.50222424132026e-07,6.31766251900653e-08,4708,"tags=38%, list=24%, signal=29%","Fos/Gla/Ptges/Cant1/Slc1a4/Fdft1/Elf3/Ccn5/Cbfa2t3/Cxcl12/Lrig1/Itpk1/Scnn1a/Med24/Sema3b/Gja1/Slc26a2/Kdm4b/Igf1r/Cish/Hspb8/Nav2/Klf10/Aff1/Svil/Ugcg/Mast4/Blvrb/Dynlt3/Plaat3/Klf4/Jak2/Bcl2/Retreg1/Farp1/Elf1/Aldh3b1/Fam102a/Cldn7/Dhrs3/Chpt1/Sh3bp5/Add3/Rab31/Med13l/Scarb1/Ncor2/Flnb/Ablim1/Tob1/Mybbp1a/Fasn/Slc9a3r1/Bag1/Krt18/B4galt1/Cd44/Abhd2/Wwc1/Krt19/Fkbp4/Bhlhe40/Hes1/Muc1/Amfr/Nbl1/Ccnd1/Abca3/Olfml3/Tgm2/Clic3/Il6st/Krt8/Xbp1/Igfbp4","NRR_vs_ARR = Neonate_Reinfected_NO_IFN - Adult_Reinfected","Hallmark","NRR_vs_ARR = Neonate_Reinfected_NO_IFN - Adult_Reinfected | Positive NES/logFC = higher in Neonate_Reinfected_NO_IFN ; Negative NES/logFC = higher in Adult_Reinfected"
"HALLMARK_ANGIOGENESIS","HALLMARK_ANGIOGENESIS",36,-0.610147532981352,-2.22394043463202,7.20562957326123e-06,9.2379866323862e-06,7.77935716411469e-07,3106,"tags=44%, list=16%, signal=38%","Ccnd2/Fgfr1/Lrpap1/Itgav/Timp1/Nrp1/S100a4/Thbd/Postn/Spp1/Fstl1/Col5a2/Slco2a1/Vegfa/App/Col3a1","NRR_vs_ARR = Neonate_Reinfected_NO_IFN - Adult_Reinfected","Hallmark","NRR_vs_ARR = Neonate_Reinfected_NO_IFN - Adult_Reinfected | Positive NES/logFC = higher in Neonate_Reinfected_NO_IFN ; Negative NES/logFC = higher in Adult_Reinfected"
"HALLMARK_KRAS_SIGNALING_DN","HALLMARK_KRAS_SIGNALING_DN",198,0.328662178860613,1.79451101734967,1.03550096208593e-05,1.29437620260742e-05,1.09000101272204e-06,7120,"tags=54%, list=36%, signal=35%","Ybx2/Calcb/Ypel1/P2rx6/Oxt/Myot/Tas2r108/Adra2c/Ngb/Itgb1bp2/Tlx1/Slc30a3/Krt5/Edn2/Clps/Htr1d/Krt4/Cacna1f/Snn/Tshb/Edar/Zbtb16/Sstr4/Nos1/Kcnmb1/Krt13/Nudt10/Arpp21/Cd80/Chrng/Gp1ba/Ckm/Smpx/Tfcp2l1/Krt1/P2ry4/Sidt1/Brdt/Sncb/Cyp11b2/Prkn/Hsd11b2/Dlk2/Fgf22/Plag1/Abcb11/Wnt16/Ryr2/Gp2/Tfap2b/Ugt2b1/Col2a1/Fshb/Kcnq2/Nr4a2/Nrip2/Tff2/Grid2/Mefv/Atp4a/Cacng1/Cd207/Ambn/Hnf1a/Sox10/Insl5/Abcg4/Il5/Irs4/Scn10a/Slc38a3/Npy4r/Cpb1/Pnmt/Tcl1/Alox12b/Nphs1/Clstn3/Egf/Epha5/Mx2/Tenm2/Efhd1/Stag3/Krt15/Slc12a3/Atp6v1b1/Ptgfr/Pcdhb1/Tnni3/Kcnd1/Tg/Calm4/Il12b/Pkp1/Cldn8/Fggy/Pax3/Cdh16/Ifng/Gdnf/Cldn16/Ryr1/Pax4/Sprr3/Ccr8/Slc6a3","NRR_vs_ARR = Neonate_Reinfected_NO_IFN - Adult_Reinfected","Hallmark","NRR_vs_ARR = Neonate_Reinfected_NO_IFN - Adult_Reinfected | Positive NES/logFC = higher in Neonate_Reinfected_NO_IFN ; Negative NES/logFC = higher in Adult_Reinfected"
"HALLMARK_INFLAMMATORY_RESPONSE","HALLMARK_INFLAMMATORY_RESPONSE",201,-0.355998624943112,-1.74490702682603,6.34805023754555e-05,7.7415246799336e-05,6.51917867783882e-06,3130,"tags=28%, list=16%, signal=24%","Osmr/Ccrl2/Il4ra/Slc31a2/C3ar1/Cd55/Serpine1/Cd82/Adgre1/Rela/Selenos/Irf7/Tnfrsf1b/Gch1/Stab1/Hbegf/Pde4b/Tnfsf10/Ifngr2/Aplnr/Raf1/Timp1/Rtp4/Adrm1/Slc11a2/Ifitm1/Emp3/Ldlr/Kif1b/Pdpn/Nampt/Ifnar1/Atp2c1/Nfkb1/P2rx4/Ccl5/Abca1/Atp2b1/Lyn/Cmklr1/Gnai3/Axl/Icam1/Gpc3/Klf6/Abi1/Nfkbia/Irf1/Atp2a2/Btg2/Hif1a/Tapbp/Sri/Mmp14/Ly6e/Calcrl","NRR_vs_ARR = Neonate_Reinfected_NO_IFN - Adult_Reinfected","Hallmark","NRR_vs_ARR = Neonate_Reinfected_NO_IFN - Adult_Reinfected | Positive NES/logFC = higher in Neonate_Reinfected_NO_IFN ; Negative NES/logFC = higher in Adult_Reinfected"
"HALLMARK_NOTCH_SIGNALING","HALLMARK_NOTCH_SIGNALING",32,-0.564215182867776,-1.99045297148463,0.00036304595319928,0.000422146457208465,3.55491753438707e-05,1683,"tags=47%, list=8%, signal=43%","Heyl/Jag1/Fbxw11/Notch2/Cul1/Notch1/Lfng/Psenen/Notch3/Rbx1/Aph1a/Hes1/Arrb1/Ccnd1/Skp1","NRR_vs_ARR = Neonate_Reinfected_NO_IFN - Adult_Reinfected","Hallmark","NRR_vs_ARR = Neonate_Reinfected_NO_IFN - Adult_Reinfected | Positive NES/logFC = higher in Neonate_Reinfected_NO_IFN ; Negative NES/logFC = higher in Adult_Reinfected"
"HALLMARK_IL6_JAK_STAT3_SIGNALING","HALLMARK_IL6_JAK_STAT3_SIGNALING",88,-0.420261449194162,-1.80390089979579,0.000355619491588065,0.000422146457208465,3.55491753438707e-05,4521,"tags=44%, list=23%, signal=34%","Stam2/Tnfrsf12a/Ptpn2/Cd14/Il18r1/Il13ra1/Lepr/Stat2/Il17ra/Hax1/Ptpn11/Osmr/Il4ra/Cbl/Itga4/Stat1/Tnfrsf1b/Ltb/Ifngr2/Cntfr/Bak1/Il2rg/Irf9/Ifnar1/Socs3/Myd88/Hmox1/Il10rb/Cd44/Stat3/Tnfrsf1a/Ifngr1/Irf1/Grb2/Jun/Il6st/Cd9/Acvrl1/Cd36","NRR_vs_ARR = Neonate_Reinfected_NO_IFN - Adult_Reinfected","Hallmark","NRR_vs_ARR = Neonate_Reinfected_NO_IFN - Adult_Reinfected | Positive NES/logFC = higher in Neonate_Reinfected_NO_IFN ; Negative NES/logFC = higher in Adult_Reinfected"
"HALLMARK_MYC_TARGETS_V2","HALLMARK_MYC_TARGETS_V2",58,-0.406435876820745,-1.64725658252277,0.00914231870043278,0.0103889985232191,0.000874863033534237,6024,"tags=47%, list=30%, signal=33%","Mcm5/Imp4/Dusp2/Sord/Cbx3/Prmt3/Pes1/Wdr43/Tfb2m/Wdr74/Tbrg4/Gnl3/Dctpp1/Aimp2/Nop16/Tmem97/Exosc5/Farsa/Nop56/Hspd1/Ipo4/Srm/Nolc1/Hspe1/Mybbp1a/Cdk4/Npm1","NRR_vs_ARR = Neonate_Reinfected_NO_IFN - Adult_Reinfected","Hallmark","NRR_vs_ARR = Neonate_Reinfected_NO_IFN - Adult_Reinfected | Positive NES/logFC = higher in Neonate_Reinfected_NO_IFN ; Negative NES/logFC = higher in Adult_Reinfected"
"HALLMARK_BILE_ACID_METABOLISM","HALLMARK_BILE_ACID_METABOLISM",112,-0.321931153876727,-1.44906071440364,0.0243376306486371,0.027041811831819,0.00227720520689002,4576,"tags=32%, list=23%, signal=25%","Dhcr24/Pex7/Pex13/Aldh1a7/Abca2/Slc29a1/Abcd1/Crot/Aldh9a1/Slc35b2/Atxn1/Isoc1/Pnpla8/Rbp1/Bmp6/Acsl1/Npc1/Gclm/Fads2/Slc23a2/Abcd3/Hsd17b4/Scp2/Abca1/Hsd17b11/Lonp2/Acsl5/Idh1/Phyh/Idh2/Fads1/Prdx5/Abca3/Cat/Nedd4/Sod1","NRR_vs_ARR = Neonate_Reinfected_NO_IFN - Adult_Reinfected","Hallmark","NRR_vs_ARR = Neonate_Reinfected_NO_IFN - Adult_Reinfected | Positive NES/logFC = higher in Neonate_Reinfected_NO_IFN ; Negative NES/logFC = higher in Adult_Reinfected"
"HALLMARK_HEDGEHOG_SIGNALING","HALLMARK_HEDGEHOG_SIGNALING",36,-0.401702127231614,-1.46417309771436,0.0430292598967298,0.0467709346703584,0.00393860502487229,4937,"tags=50%, list=25%, signal=38%","Celsr1/Pml/Ophn1/Cdk6/Tle1/Nrcam/Ptch1/Rasa1/Tle3/Cntfr/Ets2/Adgrg1/Nrp2/Nrp1/Ldb1/Myh9/Vegfa/Dpysl2","NRR_vs_ARR = Neonate_Reinfected_NO_IFN - Adult_Reinfected","Hallmark","NRR_vs_ARR = Neonate_Reinfected_NO_IFN - Adult_Reinfected | Positive NES/logFC = higher in Neonate_Reinfected_NO_IFN ; Negative NES/logFC = higher in Adult_Reinfected"
"HALLMARK_WNT_BETA_CATENIN_SIGNALING","HALLMARK_WNT_BETA_CATENIN_SIGNALING",42,-0.37072468060508,-1.39650088045094,0.0622950819672131,0.0662713637949076,0.00558074642483432,3315,"tags=40%, list=17%, signal=34%","Maml1/Ptch1/Axin1/Tcf7/Ccnd2/Numb/Trp53/Dvl2/Csnk1e/Hdac2/Nkd1/Rbpj/Cul1/Notch1/Adam17/Ncor2/Ctnnb1","NRR_vs_ARR = Neonate_Reinfected_NO_IFN - Adult_Reinfected","Hallmark","NRR_vs_ARR = Neonate_Reinfected_NO_IFN - Adult_Reinfected | Positive NES/logFC = higher in Neonate_Reinfected_NO_IFN ; Negative NES/logFC = higher in Adult_Reinfected"
"HALLMARK_SPERMATOGENESIS","HALLMARK_SPERMATOGENESIS",134,0.220183187433502,1.13893421341807,0.20952380952381,0.218253968253968,0.0183792815371763,5494,"tags=34%, list=28%, signal=25%","Pcsk1n/Ybx2/Tnp2/H1f6/Odf1/Adad1/Adcyap1/Hspa1l/Grm8/Pcsk4/Acrbp/Ddx25/Tssk2/Hoxb1/Oaz3/Nos1/Tnp1/Acrv1/Clvs1/Chrm4/Cct6b/Dmrt1/Dpep3/Cst8/Mllt10/Naa11/Theg/Clgn/Gad1/Elovl3/Actl7b/Il12rb2/Hba-x/Adam2/Mtnr1a/Htr5a/Npy5r/Pomc/Akap4/Ldhc/Gapdhs/Cnih2/Slc2a5/Scg5/Camk4","NRR_vs_ARR = Neonate_Reinfected_NO_IFN - Adult_Reinfected","Hallmark","NRR_vs_ARR = Neonate_Reinfected_NO_IFN - Adult_Reinfected | Positive NES/logFC = higher in Neonate_Reinfected_NO_IFN ; Negative NES/logFC = higher in Adult_Reinfected"
"HALLMARK_APICAL_SURFACE","HALLMARK_APICAL_SURFACE",44,-0.309425137872483,-1.17735793352453,0.216260162601626,0.220673635307782,0.0185830429732869,3250,"tags=23%, list=16%, signal=19%","Ncoa6/Hspb1/Flot2/Ephb4/Il2rg/Adipor2/Lyn/B4galt1/Adam10/App","NRR_vs_ARR = Neonate_Reinfected_NO_IFN - Adult_Reinfected","Hallmark","NRR_vs_ARR = Neonate_Reinfected_NO_IFN - Adult_Reinfected | Positive NES/logFC = higher in Neonate_Reinfected_NO_IFN ; Negative NES/logFC = higher in Adult_Reinfected"
"HALLMARK_PANCREAS_BETA_CELLS","HALLMARK_PANCREAS_BETA_CELLS",40,0.287835036117499,1.14197797929155,0.245049504950495,0.245049504950495,0.0206357477853049,7430,"tags=68%, list=37%, signal=42%","Pdx1/Iapp/Nkx6-1/Chga/Insm1/Dcx/Neurog3/G6pc2/Scgn/Abcc8/Gcg/Nkx2-2/Ins2/Sst/Pcsk2/Hnf1a/Slc2a2/Foxa2/Pax6/Neurod1/Isl1/Pak3/Pklr/Pax4/Syt13/Vdr/Gck","NRR_vs_ARR = Neonate_Reinfected_NO_IFN - Adult_Reinfected","Hallmark","NRR_vs_ARR = Neonate_Reinfected_NO_IFN - Adult_Reinfected | Positive NES/logFC = higher in Neonate_Reinfected_NO_IFN ; Negative NES/logFC = higher in Adult_Reinfected"
